shipment_id,origin_warehouse,destination_city,carrier,shipment_weight_kg,shipment_volume_m3,shipment_date,delivery_date,shipping_cost,delivery_status,delay_days,route_distance_km
SH1495,TX_Warehouse,Seattle,DHL,26.6,0.75,2025-05-10,2025-05-15,46.55,Delivered,0,2110
SH5050,NY_Warehouse,Seattle,DHL,18.2,0.4,2025-05-26,2025-05-30,47.96,Delivered,0,2834
SH6130,CA_Warehouse,Chicago,DHL,42.8,0.12,2025-05-08,2025-05-09,61.83,Delivered,0,1080
SH1576,TX_Warehouse,Boston,DHL,36.4,0.91,2025-05-20,2025-05-23,73.32,Delivered,0,4038
SH3345,CA_Warehouse,Miami,FedEx,31.7,0.93,2025-05-26,2025-06-03,89.71,Delayed,1,4800
SH3759,TX_Warehouse,Boston,DHL,29.8,0.87,2025-05-16,2025-05-18,38.77,Delivered,0,1061
SH7043,TX_Warehouse,Chicago,FedEx,4.9,0.69,2025-05-20,2025-05-26,42.83,Delivered,0,1770
SH6350,CA_Warehouse,Atlanta,DHL,19.0,0.78,2025-05-20,2025-05-28,56.02,Delayed,2,3500
SH5909,NY_Warehouse,Miami,DHL,37.3,0.49,2025-05-11,2025-05-19,65.58,Delayed,2,3445
SH6778,NY_Warehouse,Seattle,DHL,36.0,0.14,2025-05-25,2025-06-01,66.66,Delivered,0,3705
SH5195,CA_Warehouse,Atlanta,FedEx,4.6,0.17,2025-05-06,2025-05-08,52.5,Delivered,0,3500
SH3687,NY_Warehouse,Denver,UPS,2.9,0.64,2025-05-16,2025-05-21,60.44,Delayed,2,3331
SH4020,NY_Warehouse,Los Angeles,FedEx,27.9,0.36,2025-05-25,2025-05-26,80.26,Delivered,0,3940
SH1429,TX_Warehouse,Denver,UPS,32.7,0.4,2025-05-21,2025-05-25,55.33,Delivered,0,1030
SH3702,TX_Warehouse,Miami,UPS,26.6,0.39,2025-05-15,2025-05-19,37.35,Delayed,1,1397
SH4543,CA_Warehouse,Boston,UPS,41.8,0.15,2025-05-17,2025-05-20,85.49,Delayed,1,4845
SH8330,CA_Warehouse,Seattle,FedEx,8.0,0.23,2025-05-09,2025-05-11,41.81,Delivered,0,1482
SH6635,IL_Warehouse,Boston,UPS,22.4,0.27,2025-06-03,2025-06-06,50.79,Delivered,0,2532
SH7719,CA_Warehouse,Seattle,DHL,45.0,0.7,2025-05-14,2025-05-21,100.97,Delayed,1,4847
SH4453,CA_Warehouse,Atlanta,USPS,39.9,0.99,2025-05-15,2025-05-16,76.28,Delivered,0,3500
SH3098,CA_Warehouse,Seattle,UPS,39.4,0.97,2025-05-23,2025-05-25,82.47,Delayed,1,4870
SH8324,IL_Warehouse,Denver,FedEx,7.7,0.68,2025-05-14,2025-05-21,56.54,Delayed,3,4125
SH9247,CA_Warehouse,Chicago,USPS,30.7,0.59,2025-05-23,2025-05-29,60.01,Delivered,0,2510
SH7184,TX_Warehouse,Denver,DHL,48.9,0.94,2025-05-25,2025-05-28,55.42,Delivered,0,1030
SH6481,IL_Warehouse,Denver,DHL,41.0,0.81,2025-05-27,2025-05-31,90.67,Delivered,0,4133
SH6843,NY_Warehouse,Miami,FedEx,45.4,0.28,2025-05-30,2025-06-07,68.45,Delayed,1,2233
SH2246,CA_Warehouse,Chicago,DHL,8.1,0.96,2025-05-06,2025-05-14,35.73,Delayed,2,1444
SH8341,TX_Warehouse,Atlanta,DHL,23.1,0.94,2025-05-13,2025-05-15,68.46,Delivered,0,4360
SH5824,TX_Warehouse,Miami,USPS,6.2,0.36,2025-05-30,2025-05-31,79.87,Delivered,0,4985
SH4281,NY_Warehouse,Atlanta,USPS,8.2,0.67,2025-05-23,2025-05-29,49.05,Delivered,0,3380
SH2162,CA_Warehouse,Boston,FedEx,27.8,0.76,2025-05-17,2025-05-19,52.5,Delivered,0,1096
SH7428,NY_Warehouse,Boston,FedEx,32.9,0.24,2025-05-22,2025-05-29,33.78,Delivered,0,310
SH5422,IL_Warehouse,Los Angeles,FedEx,24.4,0.5,2025-05-22,2025-05-29,51.47,Delayed,2,2029
SH4661,NY_Warehouse,Miami,UPS,39.3,0.84,2025-05-25,2025-05-26,49.46,Delivered,0,1059
SH8474,IL_Warehouse,Seattle,DHL,18.3,0.21,2025-05-23,2025-05-29,57.4,Delivered,0,3300
SH4682,NY_Warehouse,Boston,UPS,49.0,0.81,2025-05-08,2025-05-11,51.54,Delivered,0,310
SH7753,NY_Warehouse,Atlanta,FedEx,3.0,0.29,2025-05-21,2025-05-27,37.26,Delivered,0,1370
SH4825,NY_Warehouse,Denver,FedEx,27.9,0.98,2025-05-10,2025-05-13,54.79,Delivered,0,2422
SH8830,NY_Warehouse,Boston,FedEx,9.2,0.58,2025-05-29,2025-06-05,19.76,Delayed,2,310
SH2307,TX_Warehouse,Seattle,UPS,41.6,0.97,2025-05-27,2025-06-02,39.63,Delivered,0,617
SH9080,IL_Warehouse,Boston,FedEx,45.1,0.72,2025-05-08,2025-05-10,64.72,Delivered,0,1445
SH8841,NY_Warehouse,Houston,FedEx,42.6,0.9,2025-06-02,2025-06-05,76.95,Delivered,0,3099
SH2412,IL_Warehouse,Los Angeles,FedEx,34.2,0.17,2025-05-12,2025-05-18,82.98,Delayed,3,4428
SH1579,TX_Warehouse,Los Angeles,DHL,18.8,0.32,2025-05-17,2025-05-21,38.49,Delivered,0,1101
SH9084,TX_Warehouse,Miami,UPS,29.7,0.96,2025-05-05,2025-05-11,80.1,Delayed,1,4648
SH9630,NY_Warehouse,Boston,FedEx,21.7,0.97,2025-05-29,2025-06-02,27.55,Delivered,0,310
SH3042,TX_Warehouse,Boston,FedEx,41.5,0.67,2025-05-20,2025-05-25,53.58,Delivered,0,1378
SH1789,TX_Warehouse,Denver,FedEx,16.8,0.86,2025-05-22,2025-05-29,32.55,Delivered,0,1030
SH3160,IL_Warehouse,Los Angeles,USPS,19.8,0.46,2025-05-07,2025-05-12,45.6,Delivered,0,681
SH8116,CA_Warehouse,Houston,FedEx,49.1,0.91,2025-05-05,2025-05-06,62.26,Delivered,0,1408
SH4123,NY_Warehouse,Denver,USPS,15.8,0.7,2025-06-01,2025-06-02,58.07,Delivered,0,2397
SH7074,IL_Warehouse,Denver,UPS,42.0,0.17,2025-05-22,2025-05-27,86.91,Delayed,2,4258
SH5442,IL_Warehouse,Boston,UPS,39.1,0.75,2025-06-03,2025-06-04,94.13,Delivered,0,4773
SH7564,NY_Warehouse,Boston,UPS,30.9,0.26,2025-05-30,2025-05-31,47.88,Delivered,0,310
SH6422,IL_Warehouse,Boston,UPS,30.7,0.84,2025-05-17,2025-05-20,75.76,Delayed,2,4443
SH3377,IL_Warehouse,Atlanta,FedEx,38.6,0.11,2025-05-12,2025-05-19,57.57,Delivered,0,1690
SH9614,IL_Warehouse,Chicago,USPS,48.9,0.27,2025-05-22,2025-05-25,68.91,Delivered,0,2852
SH2957,NY_Warehouse,Houston,USPS,48.8,0.99,2025-05-18,2025-05-25,92.6,Delivered,0,4040
SH4464,IL_Warehouse,Boston,DHL,45.9,0.55,2025-05-18,2025-05-21,78.49,Delivered,0,2913
SH2413,CA_Warehouse,Atlanta,UPS,30.6,0.66,2025-05-28,2025-06-03,79.46,Delivered,0,3500
SH7754,CA_Warehouse,Boston,DHL,45.6,0.72,2025-05-21,2025-05-24,93.6,Delivered,0,4704
SH8618,TX_Warehouse,Chicago,FedEx,9.5,0.43,2025-05-09,2025-05-15,35.82,Delayed,1,1770
SH4913,IL_Warehouse,Los Angeles,FedEx,43.9,0.84,2025-05-09,2025-05-13,53.03,Delayed,2,892
SH8978,TX_Warehouse,Boston,USPS,22.2,0.12,2025-05-22,2025-05-29,80.86,Delayed,3,4857
SH4097,CA_Warehouse,Los Angeles,FedEx,23.3,0.82,2025-05-10,2025-05-15,82.28,Delayed,2,4314
SH4833,IL_Warehouse,Denver,DHL,42.6,0.99,2025-05-28,2025-05-30,48.3,Delivered,0,783
SH5991,NY_Warehouse,Miami,UPS,14.3,0.12,2025-05-18,2025-05-21,33.89,Delivered,0,747
SH3040,NY_Warehouse,Los Angeles,DHL,21.7,0.94,2025-05-16,2025-05-21,67.82,Delayed,3,3940
SH4023,IL_Warehouse,Chicago,FedEx,38.2,0.38,2025-05-19,2025-05-26,82.46,Delayed,3,4593
SH1490,IL_Warehouse,Houston,DHL,1.0,0.24,2025-05-25,2025-05-30,30.48,Delayed,2,1370
SH9033,CA_Warehouse,Miami,FedEx,40.7,0.72,2025-05-31,2025-06-06,83.08,Delivered,0,4800
SH9464,CA_Warehouse,Denver,USPS,48.5,0.98,2025-05-09,2025-05-14,49.18,Delayed,3,1433
SH3522,CA_Warehouse,Chicago,DHL,3.1,0.96,2025-05-30,2025-06-01,30.57,Delivered,0,1015
SH5973,NY_Warehouse,Miami,DHL,37.3,0.72,2025-05-28,2025-06-02,77.23,Delayed,1,4461
SH3259,TX_Warehouse,Houston,UPS,40.9,0.66,2025-05-11,2025-05-17,54.25,Delivered,0,2269
SH8999,TX_Warehouse,Denver,FedEx,6.4,0.24,2025-06-03,2025-06-11,31.41,Delayed,3,1030
SH6752,CA_Warehouse,Miami,USPS,6.3,0.6,2025-05-23,2025-05-28,78.49,Delayed,1,4800
SH3484,IL_Warehouse,Los Angeles,DHL,25.7,0.97,2025-05-08,2025-05-17,45.59,Delayed,2,1927
SH6777,CA_Warehouse,Chicago,UPS,40.5,0.38,2025-05-16,2025-05-21,66.96,Delivered,0,3490
SH1256,IL_Warehouse,Houston,UPS,39.1,0.58,2025-06-03,2025-06-10,43.6,Delayed,2,1370
SH3419,IL_Warehouse,Atlanta,DHL,17.3,0.31,2025-05-19,2025-05-26,41.21,Delivered,0,1039
SH9046,IL_Warehouse,Miami,FedEx,13.4,0.13,2025-05-16,2025-05-19,54.67,Delivered,0,1894
SH9635,TX_Warehouse,Boston,USPS,43.3,0.59,2025-05-30,2025-06-02,77.69,Delivered,0,3522
SH1961,IL_Warehouse,Los Angeles,DHL,9.2,0.81,2025-05-07,2025-05-14,78.68,Delivered,0,4622
SH5088,CA_Warehouse,Atlanta,UPS,1.7,0.14,2025-05-21,2025-05-22,46.55,Delivered,0,3500
SH7323,CA_Warehouse,Atlanta,FedEx,34.0,0.75,2025-05-26,2025-05-29,80.73,Delivered,0,3500
SH8096,IL_Warehouse,Miami,UPS,48.3,0.59,2025-05-28,2025-06-02,96.46,Delivered,0,4994
SH5366,NY_Warehouse,Houston,FedEx,6.1,0.63,2025-05-22,2025-05-26,46.37,Delivered,0,1891
SH6325,IL_Warehouse,Miami,DHL,16.3,0.8,2025-05-27,2025-06-03,59.75,Delayed,1,4021
SH5575,CA_Warehouse,Houston,UPS,29.1,0.31,2025-05-17,2025-05-21,47.89,Delivered,0,1113
SH8133,NY_Warehouse,Boston,FedEx,44.9,0.49,2025-05-14,2025-05-20,43.75,Delivered,0,310
SH8982,NY_Warehouse,Los Angeles,USPS,35.6,0.21,2025-06-01,2025-06-04,86.83,Delivered,0,3940
SH9944,CA_Warehouse,Houston,FedEx,9.6,0.86,2025-05-24,2025-05-28,43.28,Delivered,0,1719
SH2862,IL_Warehouse,Los Angeles,FedEx,22.2,0.19,2025-05-13,2025-05-20,56.58,Delayed,2,3222
SH1368,TX_Warehouse,Houston,USPS,4.2,0.23,2025-05-15,2025-05-21,33.2,Delivered,0,1490
SH4767,TX_Warehouse,Los Angeles,FedEx,28.5,0.67,2025-05-17,2025-05-19,84.67,Delivered,0,4993
SH1348,CA_Warehouse,Atlanta,USPS,42.7,0.26,2025-05-08,2025-05-18,67.41,Delayed,3,3500
SH5774,TX_Warehouse,Los Angeles,USPS,29.7,0.36,2025-05-15,2025-05-19,41.78,Delayed,2,1465
SH1721,IL_Warehouse,Denver,FedEx,2.3,0.5,2025-05-09,2025-05-11,39.6,Delivered,0,947
SH8157,IL_Warehouse,Atlanta,FedEx,18.1,0.83,2025-06-01,2025-06-05,50.82,Delivered,0,2210
SH7243,NY_Warehouse,Boston,FedEx,17.8,0.9,2025-05-16,2025-05-19,36.9,Delivered,0,310
SH7881,IL_Warehouse,Houston,UPS,19.4,0.96,2025-05-22,2025-05-26,52.38,Delivered,0,1370
SH6717,CA_Warehouse,Los Angeles,UPS,48.3,0.28,2025-05-18,2025-05-23,83.99,Delayed,2,3039
SH2290,NY_Warehouse,Boston,UPS,44.8,0.89,2025-06-01,2025-06-04,41.47,Delayed,1,310
SH5237,NY_Warehouse,Chicago,FedEx,26.0,0.52,2025-05-31,2025-06-01,52.24,Delivered,0,1635
SH8310,IL_Warehouse,Denver,FedEx,8.0,0.19,2025-05-24,2025-05-30,63.88,Delivered,0,4923
SH9294,CA_Warehouse,Miami,FedEx,31.7,0.24,2025-05-27,2025-06-06,90.15,Delayed,3,4800
SH1635,IL_Warehouse,Miami,FedEx,5.1,0.62,2025-05-25,2025-05-31,21.74,Delayed,3,736
SH3609,NY_Warehouse,Seattle,DHL,24.1,0.35,2025-05-23,2025-05-24,57.72,Delivered,0,2367
SH5205,NY_Warehouse,Denver,DHL,32.1,0.81,2025-05-13,2025-05-19,66.58,Delayed,2,3280
SH3036,CA_Warehouse,Miami,USPS,3.6,0.25,2025-05-07,2025-05-14,71.22,Delayed,1,4800
SH9145,TX_Warehouse,Chicago,DHL,38.0,0.31,2025-05-05,2025-05-09,59.78,Delivered,0,1770
SH3140,TX_Warehouse,Chicago,DHL,37.6,0.7,2025-05-26,2025-05-28,61.95,Delivered,0,1770
SH7233,CA_Warehouse,Miami,DHL,27.0,0.18,2025-05-10,2025-05-12,85.38,Delivered,0,4800
SH5509,TX_Warehouse,Atlanta,USPS,3.6,0.76,2025-05-29,2025-05-30,55.33,Delivered,0,2466
SH1014,NY_Warehouse,Houston,UPS,46.7,0.75,2025-05-18,2025-05-19,64.29,Delivered,0,2681
SH3083,IL_Warehouse,Houston,FedEx,4.3,0.76,2025-05-10,2025-05-17,42.51,Delivered,0,1370
SH7561,IL_Warehouse,Seattle,UPS,11.9,0.53,2025-05-13,2025-05-23,50.22,Delayed,3,3300
SH5295,IL_Warehouse,Miami,USPS,17.2,0.94,2025-05-18,2025-05-24,51.93,Delayed,1,2284
SH2024,NY_Warehouse,Denver,FedEx,22.4,0.35,2025-05-21,2025-05-26,35.55,Delayed,1,1051
SH9037,TX_Warehouse,Atlanta,DHL,39.5,0.66,2025-05-17,2025-05-24,78.35,Delivered,0,3376
SH2837,CA_Warehouse,Denver,UPS,25.2,0.79,2025-05-08,2025-05-15,61.27,Delayed,1,2236
SH1509,IL_Warehouse,Los Angeles,USPS,24.4,0.24,2025-05-31,2025-06-01,62.39,Delivered,0,2425
SH9806,CA_Warehouse,Chicago,DHL,12.1,0.49,2025-05-28,2025-06-05,39.67,Delayed,3,2290
SH4842,IL_Warehouse,Seattle,UPS,32.9,0.85,2025-05-29,2025-06-01,74.73,Delayed,1,3300
SH4597,IL_Warehouse,Denver,FedEx,17.5,0.74,2025-05-09,2025-05-13,66.56,Delivered,0,3616
SH9083,CA_Warehouse,Houston,UPS,30.5,0.43,2025-05-09,2025-05-14,46.61,Delivered,0,853
SH6399,TX_Warehouse,Atlanta,DHL,7.0,0.81,2025-05-28,2025-05-29,43.76,Delivered,0,1489
SH8653,IL_Warehouse,Houston,UPS,3.7,0.34,2025-05-07,2025-05-14,35.41,Delivered,0,1370
SH9700,IL_Warehouse,Boston,DHL,43.1,0.93,2025-06-03,2025-06-04,95.56,Delivered,0,4611
SH9151,TX_Warehouse,Atlanta,USPS,40.8,0.94,2025-05-16,2025-05-24,83.01,Delayed,1,4834
SH9339,IL_Warehouse,Houston,FedEx,10.4,0.19,2025-05-26,2025-05-30,46.46,Delivered,0,1370
SH2593,NY_Warehouse,Chicago,FedEx,45.1,0.78,2025-05-16,2025-05-19,68.62,Delivered,0,2098
SH2754,TX_Warehouse,Seattle,FedEx,40.5,0.93,2025-05-18,2025-05-22,71.45,Delivered,0,3269
SH7260,IL_Warehouse,Seattle,USPS,11.9,0.8,2025-06-03,2025-06-09,61.23,Delivered,0,3300
SH3485,TX_Warehouse,Los Angeles,DHL,42.1,0.83,2025-05-24,2025-05-28,79.2,Delivered,0,2854
SH3392,NY_Warehouse,Seattle,DHL,7.1,0.37,2025-05-18,2025-05-23,59.83,Delivered,0,3718
SH1946,TX_Warehouse,Denver,FedEx,40.7,0.91,2025-05-12,2025-05-19,59.37,Delivered,0,1030
SH5816,NY_Warehouse,Boston,USPS,29.5,0.64,2025-05-13,2025-05-15,28.01,Delivered,0,310
SH3036,TX_Warehouse,Chicago,UPS,11.5,0.49,2025-05-16,2025-05-19,35.87,Delayed,1,1770
SH8726,IL_Warehouse,Atlanta,FedEx,5.9,0.87,2025-05-23,2025-05-27,64.24,Delayed,3,3853
SH4031,IL_Warehouse,Seattle,FedEx,20.2,0.87,2025-05-24,2025-05-26,70.91,Delivered,0,3300
SH9061,CA_Warehouse,Chicago,UPS,14.1,0.36,2025-05-22,2025-05-28,48.15,Delivered,0,2945
SH4269,CA_Warehouse,Miami,UPS,23.2,0.91,2025-05-16,2025-05-20,76.57,Delivered,0,4800
SH8790,CA_Warehouse,Denver,DHL,40.5,0.89,2025-06-01,2025-06-07,71.85,Delivered,0,4148
SH2042,NY_Warehouse,Boston,DHL,8.5,0.34,2025-05-13,2025-05-19,22.08,Delivered,0,310
SH8044,NY_Warehouse,Boston,DHL,30.1,0.6,2025-05-07,2025-05-08,43.0,Delivered,0,310
SH1679,TX_Warehouse,Boston,UPS,22.2,0.6,2025-05-22,2025-05-25,88.32,Delivered,0,4956
SH9985,NY_Warehouse,Miami,UPS,37.5,0.45,2025-05-15,2025-05-17,64.39,Delayed,1,3241
SH9947,TX_Warehouse,Atlanta,FedEx,49.7,0.47,2025-05-14,2025-05-17,64.98,Delivered,0,1724
SH6323,TX_Warehouse,Atlanta,FedEx,1.2,0.91,2025-05-17,2025-05-24,48.51,Delayed,1,3295
SH2907,TX_Warehouse,Los Angeles,UPS,49.4,0.47,2025-05-27,2025-05-30,73.76,Delivered,0,2751
SH2395,CA_Warehouse,Miami,FedEx,45.9,0.59,2025-05-14,2025-05-19,98.92,Delayed,1,4800
SH4525,TX_Warehouse,Los Angeles,USPS,41.2,0.58,2025-05-21,2025-05-29,40.3,Delayed,2,767
SH2060,CA_Warehouse,Denver,UPS,19.3,0.95,2025-05-16,2025-05-23,55.39,Delivered,0,2818
SH5775,CA_Warehouse,Boston,USPS,23.1,0.74,2025-05-23,2025-05-27,58.59,Delivered,0,2656
SH6073,NY_Warehouse,Atlanta,USPS,20.4,0.89,2025-05-20,2025-05-23,29.86,Delayed,1,515
SH3390,CA_Warehouse,Seattle,FedEx,46.7,0.63,2025-06-02,2025-06-05,85.04,Delivered,0,4666
SH4346,IL_Warehouse,Chicago,DHL,20.5,0.76,2025-05-18,2025-05-20,49.31,Delivered,0,2190
SH1364,NY_Warehouse,Chicago,USPS,25.5,0.34,2025-05-22,2025-05-27,70.69,Delivered,0,3784
SH8615,TX_Warehouse,Atlanta,USPS,10.0,0.26,2025-05-14,2025-05-21,47.31,Delivered,0,2827
SH6229,TX_Warehouse,Atlanta,UPS,7.6,0.9,2025-06-03,2025-06-05,52.7,Delivered,0,2902
SH6708,NY_Warehouse,Houston,UPS,2.8,0.6,2025-05-22,2025-05-30,21.19,Delayed,3,587
SH4929,IL_Warehouse,Boston,FedEx,39.9,0.51,2025-05-28,2025-06-04,56.56,Delayed,1,978
SH8187,TX_Warehouse,Boston,FedEx,34.3,0.25,2025-05-15,2025-05-20,70.0,Delivered,0,3514
SH5911,IL_Warehouse,Atlanta,USPS,33.7,0.21,2025-05-20,2025-05-25,57.71,Delivered,0,2878
SH2624,IL_Warehouse,Miami,DHL,32.9,0.15,2025-05-20,2025-05-24,64.89,Delivered,0,2558
SH4158,NY_Warehouse,Chicago,USPS,9.1,0.53,2025-05-13,2025-05-19,70.76,Delayed,1,4791
SH7568,CA_Warehouse,Atlanta,UPS,38.3,0.6,2025-06-01,2025-06-06,69.23,Delivered,0,3500
SH1101,CA_Warehouse,Los Angeles,FedEx,49.0,0.88,2025-05-14,2025-05-20,63.95,Delivered,0,2761
SH2556,TX_Warehouse,Houston,FedEx,11.6,0.12,2025-05-16,2025-05-17,65.9,Delivered,0,3104
SH6929,CA_Warehouse,Seattle,USPS,4.6,0.56,2025-05-15,2025-05-18,40.03,Delivered,0,2060
SH2129,TX_Warehouse,Atlanta,UPS,32.5,0.88,2025-05-23,2025-05-30,67.78,Delivered,0,2590
SH3739,TX_Warehouse,Los Angeles,UPS,34.2,0.77,2025-06-02,2025-06-06,62.99,Delayed,1,3204
SH4386,CA_Warehouse,Atlanta,DHL,40.4,0.51,2025-05-26,2025-05-29,66.43,Delayed,1,3500
SH7227,TX_Warehouse,Los Angeles,FedEx,35.6,0.82,2025-05-23,2025-05-26,89.6,Delivered,0,4628
SH6761,TX_Warehouse,Houston,FedEx,26.2,0.85,2025-05-07,2025-05-16,44.93,Delayed,3,1619
SH8470,NY_Warehouse,Atlanta,DHL,3.4,0.51,2025-05-15,2025-05-19,69.93,Delivered,0,4796
SH1091,TX_Warehouse,Denver,UPS,15.6,0.89,2025-05-16,2025-05-21,31.21,Delivered,0,1030
SH9219,CA_Warehouse,Miami,UPS,7.2,0.75,2025-06-03,2025-06-09,69.63,Delivered,0,4800
SH8973,NY_Warehouse,Atlanta,USPS,5.6,0.22,2025-06-03,2025-06-05,23.69,Delayed,1,525
SH6559,CA_Warehouse,Boston,UPS,45.2,0.85,2025-05-30,2025-06-04,79.5,Delivered,0,3580
SH5265,IL_Warehouse,Los Angeles,USPS,38.2,0.81,2025-05-05,2025-05-10,87.49,Delayed,1,3977
SH2067,TX_Warehouse,Houston,FedEx,35.8,0.68,2025-05-17,2025-05-21,73.71,Delivered,0,2679
SH7800,TX_Warehouse,Denver,UPS,34.9,0.86,2025-05-14,2025-05-15,39.07,Delivered,0,1030
SH8372,TX_Warehouse,Atlanta,DHL,45.9,0.31,2025-05-31,2025-06-07,81.48,Delivered,0,3809
SH3016,IL_Warehouse,Atlanta,FedEx,2.1,0.29,2025-05-10,2025-05-16,44.54,Delayed,1,1955
SH8524,CA_Warehouse,Boston,DHL,42.7,0.38,2025-05-10,2025-05-17,82.71,Delayed,2,4197
SH1007,CA_Warehouse,Boston,DHL,38.2,0.32,2025-05-07,2025-05-13,73.76,Delivered,0,3317
SH6545,TX_Warehouse,Miami,USPS,9.4,0.27,2025-05-10,2025-05-12,65.74,Delivered,0,3403
SH3984,TX_Warehouse,Boston,FedEx,23.5,0.37,2025-05-23,2025-05-27,48.18,Delayed,1,1904
SH9664,IL_Warehouse,Miami,USPS,47.5,0.89,2025-05-29,2025-06-03,90.4,Delayed,1,4492
SH1324,CA_Warehouse,Boston,USPS,43.0,0.96,2025-05-14,2025-05-21,73.47,Delivered,0,3013
SH6863,IL_Warehouse,Houston,FedEx,45.1,0.65,2025-05-27,2025-05-31,61.12,Delivered,0,1370
SH2382,NY_Warehouse,Chicago,USPS,16.4,0.67,2025-05-13,2025-05-16,62.75,Delivered,0,4430
SH3345,CA_Warehouse,Atlanta,FedEx,21.8,0.57,2025-05-27,2025-06-01,67.22,Delivered,0,3500
SH1324,NY_Warehouse,Denver,DHL,43.2,0.37,2025-05-27,2025-06-01,79.7,Delivered,0,2997
SH4514,TX_Warehouse,Boston,USPS,10.2,0.19,2025-06-01,2025-06-03,45.72,Delivered,0,1273
SH7209,CA_Warehouse,Boston,UPS,6.4,0.86,2025-05-10,2025-05-14,42.38,Delivered,0,2541
SH7133,NY_Warehouse,Atlanta,DHL,5.5,0.77,2025-05-07,2025-05-13,75.36,Delayed,2,4398
SH6535,TX_Warehouse,Miami,DHL,27.8,0.83,2025-05-20,2025-05-26,32.42,Delivered,0,722
SH1000,CA_Warehouse,Los Angeles,USPS,17.0,0.45,2025-05-29,2025-06-03,24.91,Delayed,1,559
SH3385,TX_Warehouse,Atlanta,USPS,22.2,0.44,2025-06-01,2025-06-05,59.82,Delivered,0,2740
SH9745,NY_Warehouse,Atlanta,USPS,43.6,0.83,2025-05-19,2025-05-23,63.14,Delivered,0,1670
SH9650,NY_Warehouse,Seattle,UPS,25.3,0.98,2025-05-05,2025-05-09,69.05,Delivered,0,3424
SH3703,NY_Warehouse,Seattle,DHL,38.2,0.48,2025-05-21,2025-05-30,62.64,Delayed,3,2542
SH9492,NY_Warehouse,Atlanta,UPS,20.3,0.6,2025-05-14,2025-05-17,74.17,Delivered,0,4343
SH8794,IL_Warehouse,Boston,USPS,31.6,0.46,2025-05-29,2025-06-01,58.74,Delivered,0,1437
SH4289,TX_Warehouse,Denver,USPS,23.8,0.73,2025-05-27,2025-05-29,39.81,Delivered,0,1030
SH8824,IL_Warehouse,Houston,USPS,35.2,0.85,2025-05-07,2025-05-12,60.11,Delivered,0,1370
SH9935,IL_Warehouse,Los Angeles,USPS,46.7,0.48,2025-05-24,2025-05-26,99.82,Delivered,0,4883
SH3810,NY_Warehouse,Chicago,FedEx,12.2,0.25,2025-05-29,2025-06-07,49.05,Delayed,2,2640
SH4955,IL_Warehouse,Denver,DHL,37.1,0.58,2025-05-12,2025-05-16,68.43,Delivered,0,3816
SH2502,IL_Warehouse,Seattle,USPS,27.1,0.53,2025-05-11,2025-05-14,63.76,Delivered,0,3300
SH1651,NY_Warehouse,Chicago,DHL,26.0,0.39,2025-05-29,2025-05-30,56.31,Delivered,0,1750
SH7824,NY_Warehouse,Miami,USPS,35.8,0.24,2025-05-17,2025-05-19,62.26,Delivered,0,3407
SH9959,TX_Warehouse,Atlanta,FedEx,8.4,0.2,2025-05-27,2025-05-29,72.44,Delivered,0,4844
SH8433,TX_Warehouse,Los Angeles,DHL,17.2,0.42,2025-05-24,2025-05-27,41.77,Delivered,0,1352
SH7400,TX_Warehouse,Chicago,FedEx,2.6,0.96,2025-05-29,2025-06-05,37.05,Delayed,2,1770
SH9975,NY_Warehouse,Los Angeles,FedEx,44.4,0.47,2025-05-21,2025-05-26,75.1,Delayed,2,3940
SH3009,TX_Warehouse,Seattle,FedEx,29.2,0.75,2025-05-10,2025-05-11,52.01,Delivered,0,856
SH5264,TX_Warehouse,Denver,USPS,24.2,0.89,2025-05-13,2025-05-17,44.06,Delivered,0,1030
SH2689,CA_Warehouse,Seattle,FedEx,19.3,0.82,2025-05-09,2025-05-16,74.09,Delivered,0,4316
SH1822,IL_Warehouse,Miami,USPS,17.0,0.77,2025-05-25,2025-05-29,67.74,Delivered,0,4314
SH7597,CA_Warehouse,Boston,DHL,2.1,0.24,2025-05-16,2025-05-17,52.58,Delivered,0,3847
SH6301,IL_Warehouse,Miami,USPS,48.4,0.31,2025-05-15,2025-05-17,70.84,Delayed,1,2963
SH1763,CA_Warehouse,Seattle,DHL,42.2,0.2,2025-05-29,2025-06-03,45.98,Delivered,0,658
SH1488,CA_Warehouse,Atlanta,DHL,23.8,0.23,2025-05-06,2025-05-12,70.41,Delivered,0,3500
SH8518,CA_Warehouse,Denver,DHL,14.2,0.49,2025-05-24,2025-05-27,49.27,Delivered,0,2934
SH5743,NY_Warehouse,Atlanta,UPS,42.4,0.21,2025-06-03,2025-06-08,71.46,Delivered,0,3857
SH9182,IL_Warehouse,Seattle,FedEx,20.1,0.35,2025-05-06,2025-05-08,57.99,Delayed,1,3300
SH2342,TX_Warehouse,Denver,UPS,14.3,0.55,2025-06-03,2025-06-05,36.53,Delivered,0,1030
SH3175,IL_Warehouse,Miami,USPS,39.8,0.82,2025-05-30,2025-06-01,40.84,Delivered,0,687
SH2966,CA_Warehouse,Atlanta,DHL,13.7,0.81,2025-05-11,2025-05-17,64.28,Delivered,0,3500
SH7957,CA_Warehouse,Boston,USPS,3.2,0.55,2025-05-15,2025-05-21,42.93,Delivered,0,1495
SH1526,IL_Warehouse,Seattle,FedEx,48.4,0.2,2025-05-12,2025-05-13,84.72,Delivered,0,3300
SH6854,IL_Warehouse,Atlanta,UPS,2.5,0.18,2025-05-10,2025-05-15,32.97,Delivered,0,1811
SH3443,CA_Warehouse,Boston,DHL,17.5,0.2,2025-05-07,2025-05-10,48.52,Delivered,0,2740
SH5064,NY_Warehouse,Miami,UPS,5.5,0.69,2025-05-27,2025-06-03,36.89,Delivered,0,1770
SH5041,NY_Warehouse,Chicago,USPS,45.2,0.96,2025-05-06,2025-05-12,46.36,Delivered,0,952
SH9027,IL_Warehouse,Los Angeles,UPS,40.0,0.89,2025-05-24,2025-05-31,63.33,Delayed,2,2240
SH4601,IL_Warehouse,Houston,FedEx,19.6,0.92,2025-05-19,2025-05-23,42.83,Delivered,0,1370
SH3848,IL_Warehouse,Chicago,USPS,26.3,0.82,2025-05-25,2025-05-28,50.5,Delayed,1,1063
SH7013,NY_Warehouse,Houston,FedEx,40.7,0.86,2025-05-27,2025-06-03,81.03,Delivered,0,4071
SH2327,CA_Warehouse,Denver,USPS,41.4,0.48,2025-05-08,2025-05-10,82.18,Delivered,0,4236
SH1061,TX_Warehouse,Atlanta,DHL,7.4,0.65,2025-06-02,2025-06-06,76.92,Delivered,0,4916
SH4850,IL_Warehouse,Denver,DHL,46.1,0.58,2025-05-08,2025-05-14,76.71,Delivered,0,3503
SH2271,TX_Warehouse,Atlanta,USPS,35.6,0.43,2025-05-21,2025-05-22,93.6,Delivered,0,4900
SH2995,IL_Warehouse,Houston,DHL,20.4,0.83,2025-05-15,2025-05-22,46.09,Delayed,3,1370
SH2102,IL_Warehouse,Denver,FedEx,17.0,0.56,2025-05-12,2025-05-13,43.74,Delivered,0,1295
SH7121,NY_Warehouse,Miami,USPS,22.5,0.72,2025-05-13,2025-05-17,80.78,Delivered,0,4066
SH5834,NY_Warehouse,Atlanta,UPS,18.2,0.33,2025-06-03,2025-06-10,56.82,Delivered,0,3138
SH2621,TX_Warehouse,Denver,USPS,40.0,0.29,2025-05-05,2025-05-10,57.91,Delivered,0,1030
SH2977,TX_Warehouse,Denver,UPS,6.8,0.81,2025-05-08,2025-05-14,33.5,Delivered,0,1030
SH1763,IL_Warehouse,Chicago,DHL,47.6,0.2,2025-05-17,2025-05-20,98.26,Delivered,0,4960
SH5591,NY_Warehouse,Miami,DHL,17.8,0.74,2025-05-22,2025-05-23,48.92,Delivered,0,2084
SH3168,CA_Warehouse,Denver,UPS,36.6,0.58,2025-05-19,2025-05-24,45.7,Delayed,1,1185
SH4561,TX_Warehouse,Seattle,UPS,18.7,0.25,2025-05-19,2025-05-26,62.93,Delayed,1,2948
SH7310,CA_Warehouse,Chicago,UPS,38.7,0.23,2025-05-10,2025-05-16,51.55,Delivered,0,503
SH8547,TX_Warehouse,Boston,USPS,33.1,0.85,2025-05-17,2025-05-20,58.26,Delivered,0,1989
SH4253,IL_Warehouse,Boston,DHL,12.1,0.63,2025-05-24,2025-05-30,43.17,Delayed,1,743
SH7285,TX_Warehouse,Atlanta,UPS,47.7,0.11,2025-05-31,2025-06-07,55.64,Delivered,0,1333
SH3904,IL_Warehouse,Miami,USPS,42.1,0.49,2025-05-06,2025-05-08,84.96,Delayed,1,3912
SH1821,CA_Warehouse,Houston,FedEx,20.8,0.26,2025-05-13,2025-05-14,53.19,Delivered,0,2559
SH4043,IL_Warehouse,Seattle,DHL,1.5,0.97,2025-05-25,2025-06-01,51.26,Delayed,2,3300
SH3494,CA_Warehouse,Atlanta,FedEx,39.8,0.46,2025-05-28,2025-05-29,75.9,Delivered,0,3500
SH7960,IL_Warehouse,Boston,UPS,45.1,0.95,2025-05-07,2025-05-08,49.2,Delivered,0,813
SH3396,IL_Warehouse,Atlanta,UPS,12.7,0.17,2025-05-18,2025-05-20,48.91,Delivered,0,2820
SH7370,IL_Warehouse,Los Angeles,USPS,31.9,0.96,2025-05-08,2025-05-12,61.79,Delivered,0,2111
SH7056,NY_Warehouse,Los Angeles,UPS,35.9,0.12,2025-05-22,2025-05-24,86.06,Delivered,0,3940
SH5545,TX_Warehouse,Los Angeles,DHL,13.7,0.71,2025-05-12,2025-05-15,70.76,Delivered,0,3748
SH8780,TX_Warehouse,Los Angeles,DHL,22.5,0.3,2025-05-06,2025-05-10,53.26,Delivered,0,1745
SH1637,NY_Warehouse,Atlanta,UPS,8.8,0.44,2025-05-11,2025-05-18,48.39,Delivered,0,1524
SH3353,CA_Warehouse,Boston,UPS,49.9,0.19,2025-05-10,2025-05-13,90.01,Delivered,0,3968
SH5771,IL_Warehouse,Houston,UPS,17.4,0.87,2025-05-27,2025-06-03,50.0,Delayed,1,1370
SH2338,TX_Warehouse,Chicago,DHL,24.3,0.43,2025-05-05,2025-05-10,52.26,Delayed,2,1770
SH5221,CA_Warehouse,Chicago,UPS,20.3,0.45,2025-05-08,2025-05-09,39.6,Delivered,0,814
SH2730,NY_Warehouse,Seattle,DHL,15.9,0.56,2025-05-08,2025-05-14,59.5,Delivered,0,2362
SH9403,NY_Warehouse,Boston,DHL,29.0,0.96,2025-05-11,2025-05-18,34.49,Delivered,0,310
SH9927,TX_Warehouse,Houston,FedEx,35.3,0.69,2025-05-07,2025-05-15,78.77,Delayed,1,4740
SH9484,NY_Warehouse,Atlanta,DHL,23.6,0.37,2025-05-24,2025-05-30,81.41,Delivered,0,4473
SH1811,IL_Warehouse,Miami,USPS,43.8,0.36,2025-05-16,2025-05-18,60.94,Delivered,0,2759
SH2272,IL_Warehouse,Los Angeles,DHL,47.5,0.47,2025-05-14,2025-05-15,62.9,Delivered,0,1744
SH6402,IL_Warehouse,Denver,USPS,41.5,0.67,2025-06-01,2025-06-07,72.92,Delivered,0,2337
SH1977,TX_Warehouse,Atlanta,USPS,30.7,0.69,2025-05-07,2025-05-14,86.28,Delivered,0,4590
SH1279,TX_Warehouse,Denver,UPS,34.6,0.6,2025-05-12,2025-05-16,44.45,Delivered,0,1030
SH4956,IL_Warehouse,Chicago,FedEx,28.5,0.39,2025-06-01,2025-06-09,67.89,Delayed,3,2449
SH5656,NY_Warehouse,Houston,UPS,4.9,0.5,2025-06-01,2025-06-06,38.64,Delivered,0,2226
SH7141,NY_Warehouse,Los Angeles,DHL,36.4,0.2,2025-05-26,2025-05-29,79.41,Delayed,1,3940
SH9922,TX_Warehouse,Seattle,FedEx,25.7,0.34,2025-05-08,2025-05-16,83.58,Delayed,2,4336
SH5380,NY_Warehouse,Boston,USPS,8.2,0.45,2025-05-13,2025-05-17,25.81,Delivered,0,310
SH7053,NY_Warehouse,Seattle,DHL,29.9,0.71,2025-05-21,2025-05-27,82.95,Delivered,0,4870
SH3034,TX_Warehouse,Houston,DHL,22.3,0.52,2025-05-06,2025-05-12,66.33,Delayed,2,4457
SH8048,NY_Warehouse,Boston,UPS,18.7,0.8,2025-06-01,2025-06-05,26.4,Delivered,0,310
SH6411,NY_Warehouse,Seattle,FedEx,15.4,0.63,2025-05-22,2025-05-28,70.8,Delivered,0,4328
SH4078,TX_Warehouse,Denver,UPS,23.6,0.91,2025-05-21,2025-05-22,47.87,Delivered,0,1030
SH1375,TX_Warehouse,Atlanta,UPS,31.5,0.16,2025-05-17,2025-05-21,49.55,Delayed,1,2211
SH4737,NY_Warehouse,Boston,USPS,47.0,0.94,2025-05-11,2025-05-16,54.34,Delayed,2,310
SH1950,TX_Warehouse,Chicago,USPS,11.6,0.5,2025-05-24,2025-05-26,37.75,Delivered,0,1770
SH2783,TX_Warehouse,Los Angeles,FedEx,14.2,0.16,2025-05-16,2025-05-20,32.72,Delayed,2,966
SH1006,IL_Warehouse,Seattle,UPS,13.9,0.43,2025-05-09,2025-05-15,54.59,Delivered,0,3300
SH4143,IL_Warehouse,Denver,USPS,35.0,0.18,2025-05-07,2025-05-10,61.44,Delivered,0,2762
SH1801,NY_Warehouse,Houston,UPS,42.9,0.83,2025-05-09,2025-05-15,55.58,Delivered,0,2364
SH5212,TX_Warehouse,Chicago,DHL,35.7,0.59,2025-05-30,2025-06-02,53.52,Delivered,0,1770
SH8023,IL_Warehouse,Houston,USPS,14.0,0.88,2025-05-26,2025-05-28,46.26,Delivered,0,1370
SH3966,CA_Warehouse,Boston,DHL,17.2,0.78,2025-05-19,2025-05-24,32.63,Delivered,0,1351
SH8215,IL_Warehouse,Denver,UPS,45.4,0.2,2025-05-23,2025-05-26,59.86,Delivered,0,2004
SH1163,CA_Warehouse,Miami,FedEx,2.6,0.33,2025-05-29,2025-06-02,73.67,Delayed,1,4800
SH3354,IL_Warehouse,Los Angeles,FedEx,15.0,0.5,2025-05-17,2025-05-24,42.47,Delivered,0,2479
SH2404,NY_Warehouse,Miami,UPS,43.2,0.77,2025-05-29,2025-05-30,69.2,Delivered,0,2290
SH1561,CA_Warehouse,Denver,UPS,28.9,0.59,2025-05-16,2025-05-23,87.07,Delayed,1,4901
SH3567,TX_Warehouse,Atlanta,FedEx,21.4,0.59,2025-05-29,2025-06-01,71.51,Delivered,0,3196
SH7484,TX_Warehouse,Boston,USPS,3.3,0.68,2025-05-20,2025-05-21,44.39,Delivered,0,2313
SH8257,TX_Warehouse,Atlanta,UPS,7.9,0.84,2025-05-27,2025-05-29,79.13,Delivered,0,4931
SH3613,NY_Warehouse,Denver,UPS,1.7,0.34,2025-05-29,2025-06-04,64.65,Delivered,0,4179
SH1386,CA_Warehouse,Miami,DHL,42.1,0.93,2025-05-27,2025-05-29,97.27,Delivered,0,4800
SH2460,TX_Warehouse,Chicago,USPS,39.0,0.17,2025-05-30,2025-06-03,51.49,Delivered,0,1770
SH4491,CA_Warehouse,Miami,FedEx,18.8,0.39,2025-05-29,2025-06-01,71.55,Delivered,0,4800
SH3311,IL_Warehouse,Los Angeles,FedEx,10.8,0.31,2025-05-31,2025-06-07,56.98,Delivered,0,2193
SH6641,CA_Warehouse,Los Angeles,DHL,26.0,0.55,2025-05-27,2025-05-30,59.21,Delivered,0,2013
SH4963,CA_Warehouse,Los Angeles,UPS,23.9,0.29,2025-05-14,2025-05-20,61.19,Delivered,0,2722
SH9402,CA_Warehouse,Denver,UPS,46.6,0.89,2025-05-20,2025-05-25,83.33,Delivered,0,3984
SH5778,IL_Warehouse,Denver,FedEx,16.7,0.18,2025-05-31,2025-06-03,34.97,Delivered,0,520
SH5993,TX_Warehouse,Denver,UPS,33.9,0.35,2025-05-12,2025-05-18,53.26,Delivered,0,1030
SH6997,CA_Warehouse,Seattle,UPS,23.3,0.52,2025-05-20,2025-05-24,37.48,Delivered,0,1465
SH3268,CA_Warehouse,Denver,DHL,22.9,0.17,2025-05-20,2025-05-25,46.24,Delayed,1,1029
SH2232,TX_Warehouse,Los Angeles,UPS,49.1,0.72,2025-05-05,2025-05-10,59.51,Delivered,0,600
SH4854,TX_Warehouse,Boston,FedEx,15.9,0.49,2025-05-27,2025-06-02,72.6,Delivered,0,3534
SH1664,NY_Warehouse,Los Angeles,UPS,28.1,0.44,2025-05-13,2025-05-19,83.03,Delayed,1,3940
SH4090,CA_Warehouse,Denver,USPS,33.1,0.39,2025-05-05,2025-05-11,69.6,Delivered,0,2487
SH7590,TX_Warehouse,Denver,DHL,11.2,0.4,2025-05-16,2025-05-22,40.89,Delivered,0,1030
SH5527,CA_Warehouse,Chicago,FedEx,15.6,0.76,2025-05-28,2025-05-30,59.66,Delivered,0,2897
SH2636,IL_Warehouse,Boston,USPS,18.0,0.13,2025-05-09,2025-05-11,59.28,Delivered,0,2920
SH5975,IL_Warehouse,Miami,FedEx,38.8,0.86,2025-05-23,2025-05-27,74.03,Delivered,0,3508
SH9834,CA_Warehouse,Seattle,FedEx,37.4,0.71,2025-05-23,2025-05-25,64.09,Delivered,0,1642
SH2151,CA_Warehouse,Miami,USPS,22.9,0.37,2025-06-01,2025-06-05,78.8,Delivered,0,4800
SH6431,TX_Warehouse,Denver,DHL,14.2,0.6,2025-05-20,2025-05-26,37.11,Delayed,1,1030
SH5296,CA_Warehouse,Seattle,USPS,29.4,0.69,2025-05-18,2025-05-24,56.31,Delayed,2,1299
SH8256,CA_Warehouse,Chicago,FedEx,44.5,0.42,2025-05-06,2025-05-13,90.85,Delivered,0,4773
SH3472,IL_Warehouse,Boston,UPS,39.9,0.63,2025-06-02,2025-06-09,52.76,Delayed,1,1439
SH5943,IL_Warehouse,Seattle,FedEx,30.8,0.29,2025-05-25,2025-05-30,68.64,Delivered,0,3300
SH1628,NY_Warehouse,Los Angeles,USPS,17.0,0.54,2025-06-01,2025-06-05,61.56,Delivered,0,3940
SH7016,CA_Warehouse,Miami,DHL,43.2,0.16,2025-05-12,2025-05-21,84.76,Delayed,2,4800
SH8167,CA_Warehouse,Atlanta,USPS,9.4,0.14,2025-05-18,2025-05-25,69.15,Delayed,1,3500
SH3800,TX_Warehouse,Seattle,DHL,42.8,0.32,2025-05-11,2025-05-17,55.42,Delivered,0,2017
SH7798,NY_Warehouse,Los Angeles,DHL,5.1,0.2,2025-05-16,2025-05-18,54.58,Delivered,0,3940
SH1107,IL_Warehouse,Los Angeles,FedEx,46.3,0.14,2025-05-16,2025-05-23,64.19,Delivered,0,2381
SH1186,TX_Warehouse,Houston,DHL,4.2,0.37,2025-05-06,2025-05-13,43.68,Delivered,0,2851
SH6607,IL_Warehouse,Boston,DHL,6.5,0.86,2025-05-31,2025-06-01,65.24,Delivered,0,4401
SH6837,NY_Warehouse,Boston,FedEx,10.3,0.13,2025-05-12,2025-05-18,23.09,Delayed,3,310
SH5516,CA_Warehouse,Boston,DHL,11.6,0.56,2025-05-10,2025-05-17,43.77,Delivered,0,1349
SH4767,CA_Warehouse,Houston,USPS,27.7,0.71,2025-06-02,2025-06-05,77.56,Delayed,1,4454
SH2075,NY_Warehouse,Seattle,DHL,15.0,0.43,2025-05-31,2025-06-02,72.29,Delivered,0,3996
SH2827,IL_Warehouse,Chicago,FedEx,20.2,0.33,2025-05-19,2025-05-20,39.9,Delivered,0,1195
SH1734,NY_Warehouse,Denver,USPS,15.1,0.13,2025-05-19,2025-05-21,42.89,Delivered,0,2046
SH7102,CA_Warehouse,Los Angeles,UPS,19.3,0.31,2025-05-07,2025-05-10,66.8,Delivered,0,2797
SH1324,CA_Warehouse,Chicago,FedEx,7.0,0.43,2025-05-05,2025-05-06,45.4,Delivered,0,3041
SH6954,NY_Warehouse,Atlanta,FedEx,1.5,0.98,2025-05-14,2025-05-20,47.39,Delivered,0,2385
SH4658,NY_Warehouse,Boston,USPS,10.4,0.6,2025-05-25,2025-05-28,23.86,Delivered,0,310
SH4834,NY_Warehouse,Boston,UPS,29.9,0.53,2025-05-18,2025-05-23,38.23,Delivered,0,310
SH8639,NY_Warehouse,Miami,FedEx,7.3,0.82,2025-05-21,2025-05-25,48.91,Delayed,2,3141
SH9439,IL_Warehouse,Boston,FedEx,10.9,0.26,2025-05-17,2025-05-25,64.04,Delayed,1,4242
SH5499,TX_Warehouse,Chicago,UPS,5.0,0.97,2025-05-18,2025-05-23,47.05,Delayed,1,1770
SH3433,TX_Warehouse,Chicago,DHL,5.2,0.83,2025-05-06,2025-05-12,33.62,Delivered,0,1770
SH5858,IL_Warehouse,Los Angeles,FedEx,16.2,0.51,2025-05-23,2025-05-25,36.7,Delivered,0,879
SH2556,IL_Warehouse,Miami,DHL,20.2,0.11,2025-05-26,2025-05-27,40.65,Delivered,0,1114
SH7189,IL_Warehouse,Seattle,FedEx,35.8,0.94,2025-05-13,2025-05-15,61.0,Delivered,0,3300
SH4608,IL_Warehouse,Seattle,DHL,29.6,0.71,2025-05-15,2025-05-20,59.74,Delivered,0,3300
SH4540,IL_Warehouse,Miami,FedEx,41.7,0.11,2025-05-19,2025-05-25,39.85,Delayed,1,710
SH7976,CA_Warehouse,Houston,DHL,16.0,0.1,2025-05-21,2025-05-24,34.74,Delayed,2,762
SH2462,NY_Warehouse,Miami,DHL,2.9,0.29,2025-05-30,2025-06-06,48.19,Delivered,0,2569
SH2961,CA_Warehouse,Boston,USPS,6.3,0.79,2025-05-17,2025-05-18,58.72,Delivered,0,3789
SH3995,NY_Warehouse,Houston,DHL,12.0,0.39,2025-05-24,2025-05-28,29.12,Delivered,0,822
SH6352,IL_Warehouse,Miami,USPS,9.9,0.97,2025-05-13,2025-05-14,55.63,Delivered,0,2894
SH9561,CA_Warehouse,Los Angeles,FedEx,49.6,0.41,2025-05-05,2025-05-08,63.84,Delivered,0,2368
SH5590,NY_Warehouse,Los Angeles,USPS,49.7,0.92,2025-05-26,2025-06-01,80.29,Delivered,0,3940
SH3092,IL_Warehouse,Los Angeles,USPS,14.2,0.67,2025-06-02,2025-06-08,56.68,Delayed,1,3261
SH7502,TX_Warehouse,Miami,DHL,27.1,0.26,2025-06-02,2025-06-03,47.76,Delivered,0,2248
SH9473,CA_Warehouse,Seattle,UPS,32.6,0.87,2025-05-22,2025-05-24,44.37,Delivered,0,1193
SH7062,NY_Warehouse,Miami,UPS,12.5,0.79,2025-06-03,2025-06-06,59.58,Delivered,0,3968
SH3486,IL_Warehouse,Boston,UPS,45.0,0.59,2025-06-01,2025-06-07,52.75,Delivered,0,1842
SH7930,TX_Warehouse,Miami,USPS,4.0,0.48,2025-05-30,2025-06-05,62.91,Delivered,0,4837
SH7982,TX_Warehouse,Atlanta,UPS,21.7,0.95,2025-05-19,2025-05-23,46.57,Delivered,0,811
SH1967,NY_Warehouse,Denver,FedEx,18.9,0.31,2025-05-08,2025-05-15,33.58,Delivered,0,666
SH8002,NY_Warehouse,Miami,DHL,16.3,0.2,2025-05-13,2025-05-17,47.17,Delivered,0,1551
SH3660,CA_Warehouse,Chicago,DHL,40.3,0.2,2025-05-07,2025-05-15,71.67,Delayed,1,2338
SH3806,CA_Warehouse,Houston,UPS,21.6,0.72,2025-05-26,2025-05-28,54.25,Delivered,0,2979
SH7012,TX_Warehouse,Miami,DHL,27.7,0.48,2025-06-03,2025-06-08,56.23,Delivered,0,1639
SH3320,CA_Warehouse,Los Angeles,USPS,35.1,0.62,2025-05-24,2025-05-25,48.66,Delivered,0,887
SH1749,IL_Warehouse,Miami,DHL,16.0,0.21,2025-05-20,2025-05-22,72.8,Delivered,0,4548
SH7921,IL_Warehouse,Chicago,FedEx,19.4,0.75,2025-05-06,2025-05-13,44.67,Delivered,0,1838
SH2768,IL_Warehouse,Miami,FedEx,38.5,0.71,2025-05-28,2025-06-02,55.91,Delayed,1,2653
SH7024,TX_Warehouse,Houston,DHL,33.7,0.51,2025-06-02,2025-06-06,81.99,Delayed,1,4854
SH2425,IL_Warehouse,Seattle,USPS,30.4,0.7,2025-06-02,2025-06-07,72.19,Delivered,0,3300
SH9045,NY_Warehouse,Miami,DHL,7.1,0.26,2025-06-03,2025-06-06,56.49,Delivered,0,3991
SH3011,CA_Warehouse,Los Angeles,DHL,16.6,0.68,2025-05-28,2025-06-03,43.98,Delivered,0,1083
SH2141,TX_Warehouse,Chicago,USPS,14.0,0.97,2025-05-21,2025-05-23,52.96,Delivered,0,1770
SH1225,NY_Warehouse,Houston,FedEx,10.1,0.86,2025-05-16,2025-05-21,59.06,Delivered,0,2865
SH9140,TX_Warehouse,Denver,DHL,26.0,0.9,2025-05-23,2025-05-28,38.6,Delayed,2,1030
SH1917,CA_Warehouse,Atlanta,UPS,6.8,0.89,2025-05-10,2025-05-13,64.01,Delivered,0,3500
SH9975,CA_Warehouse,Boston,FedEx,30.4,0.33,2025-05-30,2025-06-05,59.68,Delayed,1,2165
SH3553,NY_Warehouse,Los Angeles,UPS,35.0,0.85,2025-05-12,2025-05-17,74.33,Delivered,0,3940
SH2733,IL_Warehouse,Chicago,DHL,7.6,0.75,2025-05-11,2025-05-14,57.98,Delivered,0,3447
SH1447,NY_Warehouse,Houston,UPS,9.2,0.12,2025-05-13,2025-05-15,38.79,Delivered,0,2320
SH4587,CA_Warehouse,Los Angeles,USPS,2.4,0.77,2025-05-17,2025-05-20,56.22,Delivered,0,3232
SH4926,TX_Warehouse,Los Angeles,USPS,28.8,0.73,2025-05-28,2025-05-31,85.68,Delivered,0,4908
SH1648,TX_Warehouse,Seattle,UPS,29.2,0.6,2025-06-02,2025-06-07,77.86,Delivered,0,3353
SH4034,TX_Warehouse,Chicago,UPS,5.0,0.42,2025-05-16,2025-05-21,46.28,Delayed,2,1770
SH9921,IL_Warehouse,Atlanta,DHL,39.4,0.39,2025-06-02,2025-06-06,82.64,Delayed,2,3748
SH8540,CA_Warehouse,Los Angeles,USPS,34.3,0.44,2025-05-12,2025-05-15,58.71,Delivered,0,1749
SH1795,CA_Warehouse,Denver,USPS,25.4,0.14,2025-05-27,2025-06-01,36.87,Delivered,0,1004
SH3532,CA_Warehouse,Atlanta,UPS,13.1,0.33,2025-06-01,2025-06-10,69.58,Delayed,2,3500
SH4286,NY_Warehouse,Miami,USPS,10.0,0.33,2025-05-12,2025-05-14,52.68,Delivered,0,2797
SH5244,NY_Warehouse,Los Angeles,DHL,7.3,0.55,2025-05-28,2025-06-04,53.8,Delivered,0,3940
SH7696,CA_Warehouse,Boston,FedEx,33.9,0.19,2025-05-13,2025-05-19,84.17,Delayed,2,4729
SH2372,IL_Warehouse,Boston,DHL,1.8,0.1,2025-05-13,2025-05-19,70.52,Delivered,0,4113
SH7151,IL_Warehouse,Denver,DHL,16.9,0.53,2025-06-01,2025-06-06,44.14,Delivered,0,2311
SH4688,IL_Warehouse,Boston,UPS,16.4,0.93,2025-05-07,2025-05-10,62.55,Delayed,2,3872
SH9219,IL_Warehouse,Seattle,USPS,3.5,0.3,2025-05-30,2025-06-03,59.02,Delivered,0,3300
SH5772,IL_Warehouse,Seattle,USPS,19.0,0.49,2025-05-21,2025-05-27,69.47,Delayed,2,3300
SH8362,CA_Warehouse,Miami,FedEx,21.1,0.91,2025-05-31,2025-06-06,85.32,Delivered,0,4800
SH2454,CA_Warehouse,Atlanta,DHL,14.1,0.35,2025-05-18,2025-05-23,65.2,Delivered,0,3500
SH8375,IL_Warehouse,Houston,USPS,12.6,0.79,2025-05-18,2025-05-24,32.82,Delivered,0,1370
SH2810,CA_Warehouse,Seattle,FedEx,31.3,0.92,2025-05-20,2025-05-24,58.35,Delivered,0,2409
SH2905,NY_Warehouse,Denver,DHL,25.8,0.99,2025-05-09,2025-05-16,73.23,Delivered,0,4509
SH9276,CA_Warehouse,Los Angeles,UPS,30.2,0.15,2025-05-31,2025-06-03,44.99,Delivered,0,1094
SH8642,CA_Warehouse,Chicago,FedEx,1.3,0.58,2025-05-11,2025-05-18,47.5,Delivered,0,1901
SH4552,NY_Warehouse,Boston,USPS,16.9,0.6,2025-05-22,2025-05-24,29.0,Delivered,0,310
SH3468,NY_Warehouse,Denver,FedEx,33.1,0.85,2025-05-21,2025-05-25,59.34,Delayed,1,2593
SH7437,IL_Warehouse,Seattle,USPS,41.6,0.99,2025-05-28,2025-06-01,70.09,Delivered,0,3300
SH7583,NY_Warehouse,Seattle,UPS,20.2,0.4,2025-05-17,2025-05-18,80.24,Delivered,0,4038
SH1884,NY_Warehouse,Seattle,DHL,29.7,0.21,2025-05-16,2025-05-17,63.83,Delivered,0,3214
SH9036,NY_Warehouse,Miami,FedEx,6.0,0.39,2025-05-16,2025-05-18,81.83,Delivered,0,4941
SH9853,IL_Warehouse,Houston,FedEx,12.8,0.83,2025-05-22,2025-05-29,31.79,Delivered,0,1370
SH3743,NY_Warehouse,Boston,UPS,2.0,0.73,2025-05-10,2025-05-15,30.93,Delivered,0,310
SH5558,CA_Warehouse,Chicago,USPS,39.4,0.33,2025-05-16,2025-05-23,66.71,Delivered,0,1821
SH1936,IL_Warehouse,Atlanta,UPS,2.6,0.36,2025-05-29,2025-06-03,36.39,Delivered,0,1255
SH1079,IL_Warehouse,Houston,FedEx,25.3,0.7,2025-05-18,2025-05-27,55.31,Delayed,3,1370
SH4056,TX_Warehouse,Atlanta,DHL,34.2,0.87,2025-05-27,2025-06-02,53.19,Delivered,0,2138
SH5536,IL_Warehouse,Atlanta,FedEx,43.2,0.99,2025-05-25,2025-05-31,69.81,Delayed,2,2173
SH7540,CA_Warehouse,Houston,USPS,43.0,0.14,2025-05-19,2025-05-22,82.1,Delivered,0,3793
SH2034,NY_Warehouse,Houston,FedEx,41.2,0.91,2025-05-29,2025-06-02,67.43,Delayed,2,1778
SH7752,CA_Warehouse,Los Angeles,FedEx,13.9,0.83,2025-05-26,2025-06-01,69.63,Delivered,0,3718
SH6453,TX_Warehouse,Houston,UPS,7.3,0.79,2025-05-28,2025-06-02,28.43,Delivered,0,689
SH4213,NY_Warehouse,Denver,DHL,30.5,0.96,2025-05-14,2025-05-18,70.53,Delivered,0,3750
SH3168,IL_Warehouse,Seattle,DHL,32.8,0.42,2025-05-11,2025-05-19,64.61,Delayed,1,3300
SH2235,CA_Warehouse,Boston,UPS,43.0,0.28,2025-05-07,2025-05-08,67.41,Delivered,0,2031
SH9780,CA_Warehouse,Houston,DHL,12.0,0.29,2025-05-16,2025-05-23,67.97,Delivered,0,4246
SH2759,IL_Warehouse,Seattle,FedEx,31.1,0.36,2025-05-16,2025-05-23,66.15,Delivered,0,3300
SH6724,IL_Warehouse,Atlanta,USPS,46.9,0.59,2025-06-01,2025-06-06,49.05,Delayed,3,1429
SH8223,IL_Warehouse,Boston,USPS,46.5,0.4,2025-05-18,2025-05-19,66.49,Delivered,0,2495
SH6057,IL_Warehouse,Miami,USPS,18.4,0.42,2025-05-23,2025-05-27,44.42,Delivered,0,2489
SH2426,TX_Warehouse,Atlanta,UPS,3.2,0.34,2025-05-16,2025-05-23,39.62,Delivered,0,1092
SH5018,CA_Warehouse,Chicago,UPS,32.7,0.28,2025-05-24,2025-05-31,59.42,Delivered,0,2698
SH1529,NY_Warehouse,Houston,UPS,10.5,0.69,2025-05-08,2025-05-13,57.57,Delivered,0,3046
SH2653,NY_Warehouse,Miami,FedEx,35.5,0.73,2025-05-07,2025-05-14,65.29,Delayed,1,1798
SH6031,IL_Warehouse,Houston,DHL,14.7,0.16,2025-05-17,2025-05-18,39.23,Delivered,0,1370
SH5891,IL_Warehouse,Atlanta,USPS,41.5,0.49,2025-05-07,2025-05-13,79.16,Delivered,0,3119
SH4080,TX_Warehouse,Boston,UPS,22.8,0.42,2025-05-21,2025-05-30,69.03,Delayed,2,2802
SH6809,IL_Warehouse,Miami,USPS,37.9,0.7,2025-05-12,2025-05-18,85.02,Delivered,0,4316
SH2347,TX_Warehouse,Houston,USPS,47.5,0.51,2025-05-27,2025-05-28,84.36,Delivered,0,4445
SH1700,CA_Warehouse,Houston,DHL,44.7,0.76,2025-05-18,2025-05-21,58.88,Delivered,0,763
SH8643,CA_Warehouse,Atlanta,DHL,47.3,0.87,2025-05-23,2025-05-25,81.42,Delivered,0,3500
SH7892,CA_Warehouse,Seattle,UPS,20.1,0.58,2025-05-15,2025-05-18,68.1,Delivered,0,3321
SH3505,CA_Warehouse,Boston,DHL,15.2,0.52,2025-05-19,2025-05-20,62.34,Delivered,0,2631
SH9748,CA_Warehouse,Denver,DHL,22.6,0.82,2025-05-25,2025-05-31,73.43,Delivered,0,3938
SH4977,IL_Warehouse,Denver,USPS,10.6,0.81,2025-05-24,2025-05-26,65.62,Delivered,0,4855
SH2701,IL_Warehouse,Los Angeles,FedEx,24.3,0.16,2025-05-22,2025-05-27,56.35,Delivered,0,3270
SH1702,TX_Warehouse,Denver,UPS,49.1,0.98,2025-05-17,2025-05-20,59.42,Delivered,0,1030
SH6366,NY_Warehouse,Chicago,FedEx,40.5,0.94,2025-05-15,2025-05-19,92.61,Delayed,1,4565
SH9213,NY_Warehouse,Denver,USPS,11.1,0.3,2025-05-28,2025-06-03,69.28,Delayed,2,4069
SH3449,IL_Warehouse,Chicago,DHL,34.2,0.11,2025-05-07,2025-05-10,48.9,Delivered,0,2094
SH4526,TX_Warehouse,Chicago,FedEx,28.5,0.79,2025-05-31,2025-06-06,55.49,Delivered,0,1770
SH9521,NY_Warehouse,Chicago,USPS,8.4,0.5,2025-05-08,2025-05-15,61.89,Delivered,0,3962
SH3620,CA_Warehouse,Houston,UPS,20.9,0.57,2025-06-03,2025-06-06,31.86,Delayed,2,838
SH4942,TX_Warehouse,Los Angeles,FedEx,45.7,0.88,2025-05-15,2025-05-22,54.68,Delivered,0,1669
SH6003,TX_Warehouse,Seattle,FedEx,20.5,0.98,2025-05-10,2025-05-16,32.41,Delivered,0,721
SH5384,TX_Warehouse,Houston,UPS,48.1,1.0,2025-05-30,2025-06-03,84.52,Delivered,0,4546
SH9031,TX_Warehouse,Chicago,UPS,35.8,0.25,2025-05-26,2025-05-31,52.18,Delivered,0,1770
SH9207,NY_Warehouse,Seattle,DHL,24.5,0.98,2025-05-18,2025-05-25,82.75,Delivered,0,4614
SH8672,TX_Warehouse,Chicago,USPS,49.3,0.5,2025-05-20,2025-05-26,64.03,Delivered,0,1770
SH9809,CA_Warehouse,Atlanta,UPS,28.9,0.58,2025-06-01,2025-06-08,76.14,Delivered,0,3500
SH1700,CA_Warehouse,Chicago,DHL,32.8,0.59,2025-05-05,2025-05-11,79.02,Delayed,2,3770
SH3017,IL_Warehouse,Los Angeles,FedEx,35.1,0.96,2025-05-12,2025-05-19,73.6,Delivered,0,3568
SH3430,TX_Warehouse,Atlanta,UPS,49.8,0.57,2025-06-02,2025-06-07,55.95,Delivered,0,1025
SH3299,TX_Warehouse,Miami,FedEx,21.7,0.64,2025-06-01,2025-06-05,26.91,Delivered,0,584
SH3460,TX_Warehouse,Boston,DHL,37.3,0.24,2025-05-22,2025-05-31,51.79,Delayed,3,688
SH8270,NY_Warehouse,Atlanta,DHL,19.4,0.89,2025-05-24,2025-06-03,63.02,Delayed,3,2635
SH3528,IL_Warehouse,Boston,USPS,38.1,0.77,2025-06-01,2025-06-06,63.66,Delivered,0,2661
SH8013,TX_Warehouse,Miami,UPS,33.0,0.61,2025-05-18,2025-05-21,72.28,Delivered,0,4151
SH1776,TX_Warehouse,Chicago,FedEx,32.8,0.36,2025-05-05,2025-05-07,46.62,Delivered,0,1770
SH5883,IL_Warehouse,Denver,DHL,19.7,0.32,2025-05-05,2025-05-09,77.73,Delayed,1,4848
SH6218,IL_Warehouse,Seattle,UPS,16.9,0.34,2025-05-16,2025-05-20,63.37,Delayed,1,3300
SH1603,TX_Warehouse,Los Angeles,FedEx,22.0,0.9,2025-06-01,2025-06-05,65.1,Delayed,1,3964
SH2029,IL_Warehouse,Chicago,DHL,4.7,0.56,2025-05-17,2025-05-23,53.55,Delivered,0,2810
SH5153,CA_Warehouse,Chicago,USPS,37.6,0.56,2025-05-25,2025-05-27,45.35,Delivered,0,679
SH1107,IL_Warehouse,Boston,UPS,20.1,0.1,2025-05-07,2025-05-10,48.66,Delivered,0,2778
SH8743,TX_Warehouse,Seattle,DHL,32.2,0.92,2025-05-24,2025-05-26,73.93,Delayed,1,4155
SH5756,TX_Warehouse,Denver,DHL,38.5,0.86,2025-05-24,2025-05-30,45.6,Delivered,0,1030
SH7353,TX_Warehouse,Boston,FedEx,10.9,0.62,2025-06-03,2025-06-07,33.81,Delivered,0,1675
SH3539,CA_Warehouse,Boston,DHL,29.0,0.51,2025-05-18,2025-05-26,49.98,Delayed,1,1776
SH3163,NY_Warehouse,Denver,FedEx,11.0,0.98,2025-05-10,2025-05-15,66.49,Delivered,0,4204
SH6793,IL_Warehouse,Boston,USPS,22.6,0.41,2025-05-22,2025-05-25,46.86,Delivered,0,923
SH2665,CA_Warehouse,Chicago,FedEx,16.6,0.66,2025-05-11,2025-05-16,57.68,Delivered,0,2453
SH5042,CA_Warehouse,Los Angeles,UPS,6.9,0.63,2025-05-30,2025-06-04,27.43,Delayed,1,1143
SH6710,NY_Warehouse,Los Angeles,FedEx,27.9,0.22,2025-05-23,2025-05-29,80.67,Delayed,2,3940
SH9043,IL_Warehouse,Miami,UPS,28.2,0.73,2025-05-13,2025-05-20,70.85,Delivered,0,4127
SH9941,NY_Warehouse,Los Angeles,DHL,2.8,0.45,2025-05-23,2025-05-30,56.64,Delayed,1,3940
SH7041,TX_Warehouse,Chicago,USPS,22.5,0.47,2025-05-12,2025-05-17,45.55,Delivered,0,1770
SH2164,NY_Warehouse,Denver,UPS,33.2,0.54,2025-05-13,2025-05-16,86.49,Delivered,0,4229
SH6032,IL_Warehouse,Miami,UPS,41.4,0.47,2025-05-19,2025-05-24,82.66,Delivered,0,4783
SH7269,TX_Warehouse,Atlanta,FedEx,4.1,0.42,2025-05-25,2025-05-28,59.62,Delivered,0,4155
SH6337,CA_Warehouse,Chicago,DHL,3.0,0.27,2025-05-23,2025-05-28,71.02,Delayed,1,3986
SH6319,NY_Warehouse,Los Angeles,USPS,2.3,0.54,2025-05-25,2025-05-29,55.03,Delivered,0,3940
SH9207,IL_Warehouse,Denver,FedEx,13.0,0.72,2025-06-02,2025-06-05,58.76,Delayed,1,3622
SH8675,TX_Warehouse,Denver,DHL,18.3,0.64,2025-05-23,2025-06-02,47.82,Delayed,3,1030
SH3846,IL_Warehouse,Houston,USPS,5.7,0.45,2025-05-30,2025-06-04,34.03,Delivered,0,1370
SH5333,IL_Warehouse,Houston,FedEx,10.8,0.54,2025-06-03,2025-06-06,36.98,Delayed,2,1370
SH2474,NY_Warehouse,Miami,USPS,15.3,0.23,2025-05-21,2025-05-23,51.93,Delayed,1,2856
SH1326,IL_Warehouse,Denver,DHL,50.0,0.1,2025-05-14,2025-05-22,53.24,Delayed,1,1157
SH6869,IL_Warehouse,Denver,FedEx,33.4,0.32,2025-05-06,2025-05-14,82.66,Delayed,1,4030
SH4597,IL_Warehouse,Atlanta,UPS,5.7,0.49,2025-05-27,2025-05-31,26.91,Delivered,0,884
SH6518,NY_Warehouse,Denver,DHL,30.1,0.24,2025-05-28,2025-06-02,65.83,Delivered,0,4050
SH8575,IL_Warehouse,Chicago,UPS,34.9,0.42,2025-06-03,2025-06-04,42.97,Delivered,0,755
SH8827,NY_Warehouse,Chicago,DHL,12.7,0.38,2025-05-21,2025-05-24,63.91,Delivered,0,3312
SH2057,NY_Warehouse,Atlanta,FedEx,18.6,0.87,2025-06-02,2025-06-05,44.99,Delivered,0,764
SH5633,TX_Warehouse,Houston,DHL,27.2,0.2,2025-05-12,2025-05-18,57.2,Delayed,1,1922
SH1837,CA_Warehouse,Miami,USPS,30.3,0.73,2025-06-03,2025-06-06,90.12,Delayed,1,4800
SH4885,TX_Warehouse,Denver,DHL,47.4,0.72,2025-05-13,2025-05-18,57.5,Delivered,0,1030
SH7042,IL_Warehouse,Chicago,FedEx,42.6,0.67,2025-05-29,2025-06-01,74.87,Delayed,1,3564
SH8303,NY_Warehouse,Los Angeles,FedEx,30.8,0.84,2025-05-29,2025-05-31,66.48,Delivered,0,3940
SH1423,CA_Warehouse,Boston,DHL,12.2,0.91,2025-05-31,2025-06-03,44.62,Delayed,1,2130
SH8424,CA_Warehouse,Los Angeles,FedEx,2.7,0.55,2025-05-27,2025-06-01,63.84,Delayed,2,3805
SH6963,CA_Warehouse,Chicago,DHL,24.8,0.29,2025-05-29,2025-05-31,66.46,Delivered,0,3592
SH1975,TX_Warehouse,Chicago,DHL,28.0,0.78,2025-05-19,2025-05-23,42.48,Delivered,0,1770
SH2645,TX_Warehouse,Miami,UPS,44.9,0.78,2025-05-30,2025-06-04,58.09,Delivered,0,1163
SH5352,TX_Warehouse,Chicago,DHL,13.4,0.28,2025-05-30,2025-06-02,47.33,Delivered,0,1770
SH9788,CA_Warehouse,Seattle,DHL,16.1,0.37,2025-05-19,2025-05-24,68.83,Delayed,1,3745
SH2303,IL_Warehouse,Chicago,USPS,23.7,0.92,2025-05-14,2025-05-17,66.55,Delivered,0,3683
SH4166,TX_Warehouse,Houston,FedEx,48.0,0.21,2025-05-10,2025-05-11,58.23,Delivered,0,1548
SH8931,TX_Warehouse,Atlanta,DHL,34.2,0.9,2025-05-19,2025-05-25,74.04,Delayed,2,4292
SH4443,NY_Warehouse,Houston,DHL,11.6,0.49,2025-05-27,2025-06-05,50.91,Delayed,3,1644
SH7118,IL_Warehouse,Houston,FedEx,26.6,0.95,2025-05-19,2025-05-21,56.94,Delivered,0,1370
SH3673,CA_Warehouse,Miami,FedEx,2.5,0.89,2025-05-08,2025-05-14,65.32,Delivered,0,4800
SH9029,NY_Warehouse,Denver,USPS,2.5,0.66,2025-06-01,2025-06-10,27.19,Delayed,2,981
SH4537,CA_Warehouse,Chicago,FedEx,37.5,0.94,2025-05-23,2025-05-28,79.74,Delayed,2,3968
SH8449,NY_Warehouse,Los Angeles,FedEx,36.4,0.59,2025-05-05,2025-05-06,74.2,Delivered,0,3940
SH6848,NY_Warehouse,Seattle,USPS,3.3,0.41,2025-05-25,2025-05-26,66.31,Delivered,0,4959
SH5130,TX_Warehouse,Miami,USPS,10.1,0.99,2025-05-15,2025-05-19,76.04,Delivered,0,4723
SH8574,IL_Warehouse,Boston,UPS,6.8,0.21,2025-05-25,2025-06-01,34.31,Delivered,0,1610
SH8949,IL_Warehouse,Denver,FedEx,38.0,0.17,2025-05-29,2025-06-01,87.11,Delivered,0,4054
SH4749,IL_Warehouse,Atlanta,FedEx,30.6,0.51,2025-05-22,2025-05-27,55.09,Delivered,0,1498
SH3027,CA_Warehouse,Chicago,USPS,29.1,0.1,2025-05-20,2025-05-28,49.81,Delayed,3,1110
SH8579,NY_Warehouse,Chicago,USPS,2.0,0.55,2025-05-28,2025-05-31,67.43,Delivered,0,4455
SH4544,NY_Warehouse,Boston,USPS,35.0,0.68,2025-06-02,2025-06-07,32.73,Delayed,1,310
SH5515,IL_Warehouse,Los Angeles,FedEx,8.5,0.82,2025-06-03,2025-06-10,42.55,Delivered,0,2667
SH4375,TX_Warehouse,Seattle,FedEx,28.9,0.22,2025-05-28,2025-05-31,87.75,Delivered,0,4507
SH5156,TX_Warehouse,Chicago,UPS,8.4,0.67,2025-05-13,2025-05-15,42.29,Delivered,0,1770
SH3369,NY_Warehouse,Houston,FedEx,38.8,0.11,2025-06-02,2025-06-10,69.44,Delayed,2,2822
SH2430,CA_Warehouse,Atlanta,DHL,1.9,0.84,2025-05-30,2025-06-06,57.4,Delivered,0,3500
SH3338,CA_Warehouse,Chicago,USPS,49.3,0.1,2025-05-24,2025-05-29,72.37,Delivered,0,3334
SH8615,CA_Warehouse,Chicago,DHL,24.0,0.34,2025-06-03,2025-06-04,68.96,Delivered,0,4168
SH1800,IL_Warehouse,Los Angeles,FedEx,7.7,0.57,2025-05-07,2025-05-10,37.35,Delivered,0,2215
SH9817,IL_Warehouse,Miami,UPS,40.9,0.6,2025-05-10,2025-05-11,47.74,Delivered,0,584
SH3964,CA_Warehouse,Denver,UPS,49.8,1.0,2025-05-06,2025-05-08,69.3,Delivered,0,1983
SH6962,NY_Warehouse,Seattle,UPS,28.9,0.21,2025-06-02,2025-06-06,35.4,Delayed,2,773
SH2475,CA_Warehouse,Atlanta,UPS,7.0,0.29,2025-05-28,2025-06-05,56.25,Delayed,1,3500
SH1796,TX_Warehouse,Miami,UPS,33.2,0.69,2025-05-22,2025-05-28,44.75,Delivered,0,1169
SH6479,IL_Warehouse,Miami,UPS,10.9,0.34,2025-05-26,2025-05-30,41.24,Delayed,1,1015
SH7727,TX_Warehouse,Chicago,UPS,10.8,0.64,2025-05-13,2025-05-16,37.09,Delivered,0,1770
SH5078,NY_Warehouse,Miami,USPS,17.5,0.49,2025-05-05,2025-05-11,62.03,Delivered,0,3340
SH6136,IL_Warehouse,Seattle,UPS,46.3,0.42,2025-05-24,2025-05-28,81.04,Delivered,0,3300
SH6757,NY_Warehouse,Seattle,UPS,2.9,0.65,2025-05-10,2025-05-15,58.17,Delivered,0,2679
SH6181,NY_Warehouse,Miami,UPS,15.3,1.0,2025-05-21,2025-05-22,43.29,Delivered,0,1856
SH5865,NY_Warehouse,Miami,FedEx,23.4,0.96,2025-05-08,2025-05-11,36.75,Delivered,0,683
SH6865,IL_Warehouse,Los Angeles,USPS,41.2,0.61,2025-05-24,2025-05-29,62.96,Delayed,1,1949
SH4403,IL_Warehouse,Boston,USPS,18.6,0.44,2025-05-18,2025-05-24,35.3,Delayed,2,1108
SH6876,TX_Warehouse,Denver,DHL,41.6,0.51,2025-05-19,2025-05-23,49.06,Delayed,2,1030
SH1919,NY_Warehouse,Houston,DHL,10.2,0.32,2025-05-18,2025-05-24,82.11,Delivered,0,4835
SH8047,CA_Warehouse,Houston,USPS,24.4,0.36,2025-05-21,2025-05-24,72.3,Delivered,0,3175
SH2089,TX_Warehouse,Chicago,DHL,24.3,0.85,2025-05-27,2025-06-02,45.25,Delayed,1,1770
SH2379,NY_Warehouse,Los Angeles,UPS,1.4,0.34,2025-05-10,2025-05-12,61.53,Delivered,0,3940
SH2021,NY_Warehouse,Atlanta,UPS,46.0,0.98,2025-05-11,2025-05-14,82.75,Delayed,2,4474
SH2950,IL_Warehouse,Atlanta,UPS,22.2,0.59,2025-05-15,2025-05-19,41.32,Delayed,1,984
SH2311,IL_Warehouse,Boston,FedEx,27.8,0.68,2025-05-26,2025-05-31,85.66,Delivered,0,4837
SH2443,CA_Warehouse,Houston,DHL,34.2,0.32,2025-05-10,2025-05-15,68.93,Delivered,0,2374
SH8962,CA_Warehouse,Boston,USPS,31.4,0.14,2025-05-19,2025-05-20,35.5,Delivered,0,730
SH9450,IL_Warehouse,Los Angeles,UPS,28.6,0.8,2025-05-15,2025-05-19,44.1,Delivered,0,1699
SH6549,CA_Warehouse,Atlanta,DHL,26.2,0.24,2025-05-18,2025-05-25,70.15,Delivered,0,3500
SH4039,NY_Warehouse,Chicago,UPS,34.7,0.48,2025-05-23,2025-05-25,69.06,Delayed,1,2473
SH8548,IL_Warehouse,Chicago,USPS,31.7,0.76,2025-05-23,2025-05-30,62.91,Delivered,0,2026
SH2109,TX_Warehouse,Miami,UPS,3.7,0.22,2025-05-23,2025-05-24,66.9,Delivered,0,4507
SH6954,IL_Warehouse,Los Angeles,USPS,28.9,0.61,2025-05-14,2025-05-15,71.62,Delivered,0,3775
SH9539,TX_Warehouse,Chicago,UPS,21.0,0.11,2025-05-17,2025-05-18,53.81,Delivered,0,1770
SH7308,NY_Warehouse,Atlanta,FedEx,10.7,0.14,2025-05-29,2025-06-06,43.88,Delayed,2,2658
SH2115,TX_Warehouse,Denver,USPS,5.0,0.96,2025-05-26,2025-05-28,39.99,Delivered,0,1030
SH9711,CA_Warehouse,Seattle,USPS,19.4,0.96,2025-05-17,2025-05-24,60.07,Delivered,0,2099
SH5690,IL_Warehouse,Houston,UPS,5.1,0.39,2025-05-07,2025-05-12,39.44,Delayed,2,1370
SH9835,TX_Warehouse,Atlanta,FedEx,49.0,0.58,2025-05-10,2025-05-15,56.62,Delayed,1,1131
SH9136,IL_Warehouse,Houston,FedEx,10.2,0.39,2025-06-02,2025-06-06,47.16,Delivered,0,1370
SH3191,CA_Warehouse,Miami,UPS,42.8,0.5,2025-05-29,2025-06-03,96.95,Delayed,1,4800
SH1645,IL_Warehouse,Denver,FedEx,13.8,0.8,2025-05-21,2025-05-24,63.73,Delivered,0,4018
SH8991,TX_Warehouse,Miami,DHL,2.4,0.29,2025-05-11,2025-05-17,41.53,Delayed,1,1569
SH4388,TX_Warehouse,Denver,FedEx,36.7,0.74,2025-05-21,2025-05-27,52.2,Delivered,0,1030
SH3318,TX_Warehouse,Los Angeles,UPS,34.0,0.66,2025-06-02,2025-06-03,72.8,Delivered,0,4039
SH2658,IL_Warehouse,Boston,FedEx,9.7,0.65,2025-06-01,2025-06-07,66.2,Delivered,0,4222
SH8819,IL_Warehouse,Houston,USPS,8.4,0.9,2025-06-03,2025-06-07,47.45,Delayed,1,1370
SH1156,CA_Warehouse,Houston,USPS,35.6,0.47,2025-05-18,2025-05-23,76.97,Delivered,0,3375
SH2699,TX_Warehouse,Chicago,DHL,20.9,0.21,2025-05-19,2025-05-26,42.21,Delivered,0,1770
SH5701,NY_Warehouse,Seattle,UPS,31.5,0.67,2025-05-25,2025-06-02,41.8,Delayed,2,1604
SH9514,NY_Warehouse,Miami,FedEx,15.2,0.43,2025-05-14,2025-05-17,61.45,Delayed,1,2876
SH1516,IL_Warehouse,Atlanta,FedEx,8.1,0.33,2025-05-23,2025-05-29,54.38,Delayed,1,3034
SH4789,NY_Warehouse,Chicago,FedEx,23.6,0.97,2025-06-02,2025-06-09,52.78,Delivered,0,2841
SH4967,CA_Warehouse,Houston,DHL,44.5,0.58,2025-05-15,2025-05-19,60.32,Delivered,0,1796
SH1018,TX_Warehouse,Miami,UPS,22.7,0.4,2025-05-22,2025-05-24,56.42,Delayed,1,1957
SH8746,TX_Warehouse,Houston,UPS,10.4,0.67,2025-05-30,2025-06-08,41.19,Delayed,3,960
SH5361,NY_Warehouse,Los Angeles,FedEx,34.9,0.62,2025-05-30,2025-06-06,84.0,Delivered,0,3940
SH6542,TX_Warehouse,Chicago,DHL,33.4,0.77,2025-05-25,2025-05-26,60.79,Delivered,0,1770
SH6660,CA_Warehouse,Chicago,DHL,2.9,0.99,2025-05-31,2025-06-06,53.56,Delivered,0,3574
SH7758,TX_Warehouse,Miami,DHL,34.8,0.41,2025-05-06,2025-05-12,77.09,Delayed,1,3943
SH4539,NY_Warehouse,Denver,DHL,41.8,0.99,2025-05-13,2025-05-17,65.55,Delivered,0,3178
SH1619,NY_Warehouse,Chicago,DHL,47.8,0.2,2025-05-07,2025-05-08,59.94,Delivered,0,617
SH6311,CA_Warehouse,Chicago,USPS,31.2,0.41,2025-05-28,2025-06-06,70.56,Delayed,2,4466
SH7741,CA_Warehouse,Miami,UPS,25.1,0.66,2025-05-05,2025-05-10,80.67,Delivered,0,4800
SH6252,CA_Warehouse,Atlanta,DHL,22.6,0.23,2025-05-12,2025-05-17,65.41,Delivered,0,3500
SH2745,CA_Warehouse,Miami,DHL,31.9,0.82,2025-05-12,2025-05-20,90.07,Delayed,1,4800
SH3415,CA_Warehouse,Houston,USPS,9.5,0.32,2025-05-12,2025-05-18,69.07,Delayed,1,4044
SH6462,TX_Warehouse,Denver,USPS,37.9,0.49,2025-05-10,2025-05-12,43.45,Delivered,0,1030
SH6057,NY_Warehouse,Los Angeles,FedEx,41.0,0.98,2025-05-05,2025-05-08,89.02,Delivered,0,3940
SH6072,CA_Warehouse,Houston,UPS,35.6,0.37,2025-05-20,2025-05-28,39.31,Delayed,3,573
SH9345,CA_Warehouse,Denver,USPS,26.6,0.4,2025-05-12,2025-05-13,60.88,Delivered,0,2933
SH7074,IL_Warehouse,Denver,USPS,26.9,0.8,2025-05-17,2025-05-19,85.38,Delivered,0,4887
SH8041,NY_Warehouse,Seattle,DHL,22.4,0.8,2025-05-28,2025-06-04,81.07,Delivered,0,4113
SH9785,CA_Warehouse,Los Angeles,UPS,40.1,0.1,2025-05-07,2025-05-14,77.47,Delayed,3,2832
SH6678,TX_Warehouse,Chicago,USPS,38.1,0.57,2025-05-10,2025-05-12,47.87,Delivered,0,1770
SH8261,CA_Warehouse,Seattle,FedEx,34.7,0.91,2025-05-16,2025-05-17,86.61,Delivered,0,4511
SH7109,NY_Warehouse,Boston,UPS,45.4,0.91,2025-05-16,2025-05-22,48.02,Delivered,0,310
SH6114,CA_Warehouse,Houston,FedEx,27.3,0.47,2025-05-22,2025-05-26,65.8,Delivered,0,3935
SH9497,NY_Warehouse,Los Angeles,DHL,35.8,0.77,2025-05-10,2025-05-12,73.62,Delivered,0,3940
SH3517,NY_Warehouse,Denver,FedEx,35.3,0.81,2025-05-30,2025-05-31,51.25,Delivered,0,1299
SH5553,TX_Warehouse,Chicago,USPS,38.8,0.34,2025-05-19,2025-05-23,53.91,Delivered,0,1770
SH2660,IL_Warehouse,Chicago,UPS,10.1,0.91,2025-05-23,2025-05-26,77.47,Delivered,0,4515
SH7264,CA_Warehouse,Chicago,UPS,4.9,0.38,2025-05-25,2025-06-01,51.4,Delivered,0,2128
SH5511,TX_Warehouse,Los Angeles,USPS,4.9,0.43,2025-05-24,2025-05-30,72.61,Delayed,1,4730
SH8903,TX_Warehouse,Miami,USPS,40.1,0.51,2025-05-12,2025-05-17,66.31,Delivered,0,2488
SH2826,IL_Warehouse,Chicago,USPS,21.9,0.51,2025-05-16,2025-05-20,43.2,Delivered,0,1902
SH4391,CA_Warehouse,Chicago,UPS,5.1,0.23,2025-05-21,2025-05-29,72.9,Delayed,1,4765
SH9648,TX_Warehouse,Atlanta,DHL,8.7,0.66,2025-05-08,2025-05-15,62.77,Delayed,1,3981
SH3034,IL_Warehouse,Houston,USPS,34.2,0.38,2025-05-21,2025-05-24,43.78,Delivered,0,1370
SH7259,NY_Warehouse,Los Angeles,DHL,42.9,0.24,2025-05-19,2025-05-25,82.2,Delayed,1,3940
SH6716,IL_Warehouse,Seattle,DHL,6.0,0.71,2025-05-09,2025-05-14,57.88,Delivered,0,3300
SH1483,CA_Warehouse,Seattle,FedEx,34.8,0.15,2025-05-17,2025-05-23,80.18,Delayed,2,3854
SH4259,TX_Warehouse,Atlanta,DHL,9.0,0.81,2025-05-27,2025-06-01,56.45,Delayed,1,3278
SH9095,NY_Warehouse,Atlanta,UPS,14.8,0.8,2025-05-14,2025-05-19,66.46,Delivered,0,3002
SH9992,CA_Warehouse,Boston,USPS,7.2,0.57,2025-05-21,2025-05-28,65.47,Delivered,0,3712
SH5500,CA_Warehouse,Miami,USPS,7.2,0.92,2025-05-19,2025-05-23,80.81,Delivered,0,4800
SH8274,TX_Warehouse,Seattle,USPS,8.3,0.11,2025-05-06,2025-05-09,38.55,Delivered,0,607
SH9107,TX_Warehouse,Houston,UPS,29.5,0.45,2025-05-29,2025-06-04,68.89,Delivered,0,2802
SH3499,CA_Warehouse,Miami,DHL,1.8,0.89,2025-06-02,2025-06-04,64.42,Delivered,0,4800
SH4309,TX_Warehouse,Atlanta,USPS,27.4,0.53,2025-05-13,2025-05-18,66.63,Delivered,0,4272
SH2067,IL_Warehouse,Atlanta,FedEx,38.1,0.1,2025-05-16,2025-05-18,77.76,Delivered,0,3806
SH4348,IL_Warehouse,Miami,DHL,16.4,0.59,2025-05-14,2025-05-18,78.2,Delayed,1,4386
SH1480,CA_Warehouse,Houston,FedEx,2.1,0.22,2025-05-11,2025-05-13,54.74,Delivered,0,3657
SH4439,NY_Warehouse,Chicago,FedEx,46.5,0.43,2025-05-05,2025-05-11,87.37,Delivered,0,4666
SH2542,TX_Warehouse,Chicago,UPS,49.6,1.0,2025-05-23,2025-05-27,53.3,Delayed,2,1770
SH6194,TX_Warehouse,Chicago,FedEx,34.8,0.24,2025-05-24,2025-05-28,53.18,Delivered,0,1770
SH8002,CA_Warehouse,Seattle,DHL,38.2,0.68,2025-05-11,2025-05-12,63.39,Delivered,0,3252
SH9851,CA_Warehouse,Chicago,USPS,31.2,0.17,2025-05-07,2025-05-15,66.48,Delayed,2,3974
SH9990,CA_Warehouse,Los Angeles,FedEx,14.1,0.97,2025-05-09,2025-05-17,41.21,Delayed,1,2078
SH5392,IL_Warehouse,Boston,DHL,25.0,0.85,2025-05-13,2025-05-17,59.46,Delayed,1,3002
SH1753,CA_Warehouse,Houston,UPS,16.6,0.2,2025-05-27,2025-06-02,29.15,Delivered,0,821
SH3853,IL_Warehouse,Houston,USPS,23.2,0.8,2025-06-03,2025-06-08,44.43,Delayed,2,1370
SH8324,NY_Warehouse,Atlanta,UPS,2.6,0.26,2025-05-08,2025-05-12,37.56,Delayed,1,1261
SH1240,NY_Warehouse,Denver,USPS,24.6,0.42,2025-05-25,2025-06-01,45.75,Delivered,0,949
SH5071,TX_Warehouse,Boston,UPS,33.6,0.85,2025-05-07,2025-05-09,60.29,Delivered,0,2956
SH5765,CA_Warehouse,Los Angeles,FedEx,29.9,0.87,2025-05-31,2025-06-01,47.24,Delivered,0,814
SH9401,NY_Warehouse,Houston,FedEx,41.5,0.27,2025-05-30,2025-06-02,40.76,Delivered,0,646
SH6885,CA_Warehouse,Denver,UPS,47.7,0.56,2025-05-11,2025-05-14,53.83,Delayed,2,1383
SH6135,IL_Warehouse,Chicago,FedEx,44.9,0.43,2025-05-25,2025-05-29,54.98,Delivered,0,1808
SH4466,IL_Warehouse,Houston,FedEx,15.3,0.84,2025-05-23,2025-05-28,42.99,Delivered,0,1370
SH9040,NY_Warehouse,Los Angeles,USPS,34.4,0.39,2025-05-18,2025-05-19,77.72,Delivered,0,3940
SH2522,TX_Warehouse,Denver,USPS,10.0,0.82,2025-05-30,2025-05-31,43.84,Delivered,0,1030
SH5352,TX_Warehouse,Denver,FedEx,41.0,0.36,2025-05-08,2025-05-09,50.19,Delivered,0,1030
SH5292,CA_Warehouse,Chicago,USPS,11.8,0.74,2025-05-20,2025-05-24,47.89,Delivered,0,2105
SH8486,CA_Warehouse,Chicago,FedEx,26.4,0.52,2025-05-16,2025-05-18,76.86,Delivered,0,4618
SH4566,NY_Warehouse,Seattle,DHL,26.6,0.93,2025-05-24,2025-05-28,65.6,Delayed,3,2383
SH8751,CA_Warehouse,Chicago,DHL,14.7,0.29,2025-05-19,2025-05-24,33.24,Delayed,1,559
SH5084,IL_Warehouse,Houston,UPS,12.0,0.34,2025-05-23,2025-05-26,34.67,Delivered,0,1370
SH3083,NY_Warehouse,Houston,DHL,47.0,0.59,2025-05-14,2025-05-17,58.71,Delivered,0,1783
SH5288,TX_Warehouse,Atlanta,UPS,19.3,0.9,2025-05-18,2025-05-25,58.4,Delivered,0,2639
SH1257,IL_Warehouse,Atlanta,FedEx,32.8,0.68,2025-05-05,2025-05-11,67.78,Delivered,0,3060
SH5238,IL_Warehouse,Atlanta,FedEx,48.3,0.44,2025-05-26,2025-06-01,59.84,Delayed,2,1924
SH9191,IL_Warehouse,Denver,UPS,9.2,0.98,2025-05-13,2025-05-19,44.3,Delayed,2,2155
SH5172,NY_Warehouse,Los Angeles,USPS,20.3,0.24,2025-05-09,2025-05-14,60.31,Delayed,3,3940
SH5444,NY_Warehouse,Boston,DHL,47.9,0.12,2025-05-23,2025-05-28,42.8,Delivered,0,310
SH3959,TX_Warehouse,Chicago,DHL,8.4,0.71,2025-05-29,2025-06-05,31.9,Delayed,2,1770
SH6576,NY_Warehouse,Boston,UPS,15.4,0.79,2025-05-25,2025-05-29,28.29,Delayed,3,310
SH6000,IL_Warehouse,Chicago,UPS,46.4,0.73,2025-05-21,2025-05-22,86.73,Delivered,0,4769
SH2180,NY_Warehouse,Los Angeles,DHL,21.5,0.28,2025-05-26,2025-06-02,64.99,Delivered,0,3940
SH3559,NY_Warehouse,Atlanta,DHL,31.2,0.38,2025-05-14,2025-05-18,57.3,Delivered,0,2114
SH9166,IL_Warehouse,Los Angeles,DHL,14.5,0.56,2025-05-24,2025-05-29,72.39,Delivered,0,3786
SH5058,TX_Warehouse,Boston,DHL,39.8,0.59,2025-05-21,2025-05-23,74.86,Delivered,0,3406
SH2316,NY_Warehouse,Seattle,DHL,22.3,0.6,2025-05-06,2025-05-10,42.11,Delivered,0,1909
SH4278,TX_Warehouse,Chicago,USPS,24.8,0.77,2025-05-24,2025-05-29,53.14,Delayed,3,1770
SH9401,TX_Warehouse,Denver,UPS,49.7,0.26,2025-05-18,2025-05-25,46.95,Delivered,0,1030
SH1887,NY_Warehouse,Atlanta,USPS,35.4,0.76,2025-05-31,2025-06-08,57.38,Delayed,3,2239
SH8476,NY_Warehouse,Miami,USPS,19.5,0.44,2025-05-16,2025-05-17,59.74,Delivered,0,2475
SH7864,CA_Warehouse,Boston,USPS,20.6,0.43,2025-05-06,2025-05-13,81.17,Delivered,0,4220
SH6721,IL_Warehouse,Seattle,DHL,15.5,0.34,2025-05-26,2025-05-31,62.92,Delivered,0,3300
SH1898,IL_Warehouse,Boston,DHL,22.4,0.96,2025-05-22,2025-05-23,44.68,Delivered,0,2026
SH1472,IL_Warehouse,Chicago,DHL,17.6,0.37,2025-05-30,2025-06-05,79.91,Delivered,0,4828
SH9048,NY_Warehouse,Chicago,USPS,45.9,0.16,2025-05-10,2025-05-11,60.87,Delivered,0,1055
SH4531,TX_Warehouse,Houston,FedEx,15.3,0.87,2025-05-13,2025-05-19,25.73,Delivered,0,690
SH4153,CA_Warehouse,Los Angeles,UPS,42.5,0.54,2025-05-15,2025-05-20,54.9,Delivered,0,1795
SH3260,TX_Warehouse,Houston,DHL,37.6,0.51,2025-05-20,2025-05-21,60.65,Delivered,0,2326
SH7214,CA_Warehouse,Atlanta,FedEx,29.9,0.88,2025-05-30,2025-06-03,63.21,Delayed,2,3500
SH4863,TX_Warehouse,Los Angeles,UPS,33.5,0.43,2025-05-17,2025-05-21,68.45,Delivered,0,3007
SH9539,NY_Warehouse,Seattle,USPS,29.5,0.85,2025-05-22,2025-05-27,74.82,Delayed,1,4462
SH4715,CA_Warehouse,Miami,DHL,34.7,0.99,2025-05-23,2025-06-01,80.75,Delayed,2,4800
SH1281,CA_Warehouse,Atlanta,UPS,3.5,0.53,2025-05-23,2025-05-27,61.98,Delivered,0,3500
SH9666,IL_Warehouse,Atlanta,DHL,6.3,0.33,2025-05-15,2025-05-18,63.58,Delayed,2,3791
SH3494,IL_Warehouse,Chicago,DHL,40.8,0.33,2025-06-03,2025-06-07,74.34,Delivered,0,4319
SH3068,NY_Warehouse,Denver,USPS,15.2,0.15,2025-05-22,2025-05-28,55.31,Delivered,0,3253
SH6471,NY_Warehouse,Boston,USPS,41.0,0.77,2025-05-09,2025-05-11,39.34,Delayed,1,310
SH6475,IL_Warehouse,Seattle,USPS,46.5,0.13,2025-05-11,2025-05-12,70.63,Delivered,0,3300
SH2717,TX_Warehouse,Denver,USPS,30.0,0.51,2025-05-10,2025-05-17,36.44,Delivered,0,1030
SH3259,TX_Warehouse,Houston,UPS,37.9,0.64,2025-06-03,2025-06-06,52.53,Delivered,0,2121
SH6905,IL_Warehouse,Los Angeles,DHL,35.9,0.58,2025-05-20,2025-05-24,48.16,Delivered,0,1456
SH3778,CA_Warehouse,Atlanta,UPS,13.4,0.79,2025-05-29,2025-05-30,56.83,Delivered,0,3500
SH7124,CA_Warehouse,Los Angeles,FedEx,2.5,0.92,2025-05-27,2025-05-30,52.55,Delayed,1,2934
SH6310,TX_Warehouse,Atlanta,UPS,1.5,0.97,2025-05-15,2025-05-21,52.28,Delivered,0,2254
SH3588,TX_Warehouse,Houston,FedEx,11.9,0.62,2025-05-14,2025-05-16,78.73,Delivered,0,4804
SH9541,NY_Warehouse,Houston,FedEx,7.6,0.81,2025-05-07,2025-05-15,54.21,Delayed,2,3210
SH8895,CA_Warehouse,Boston,DHL,26.3,0.26,2025-05-21,2025-05-27,42.03,Delivered,0,1471
SH6928,IL_Warehouse,Houston,UPS,14.9,0.48,2025-05-23,2025-05-30,49.94,Delivered,0,1370
SH6601,TX_Warehouse,Boston,USPS,49.9,0.65,2025-05-30,2025-06-07,78.12,Delayed,2,4192
SH9076,CA_Warehouse,Boston,DHL,37.2,1.0,2025-05-26,2025-05-28,51.44,Delivered,0,2247
SH1011,NY_Warehouse,Houston,DHL,2.0,0.16,2025-05-08,2025-05-13,52.32,Delayed,3,3930
SH4858,IL_Warehouse,Los Angeles,UPS,17.4,0.41,2025-05-07,2025-05-09,53.73,Delivered,0,2238
SH2809,IL_Warehouse,Atlanta,USPS,1.8,0.5,2025-05-31,2025-06-08,42.9,Delayed,2,2628
SH4549,NY_Warehouse,Denver,DHL,41.5,0.88,2025-05-12,2025-05-17,64.01,Delivered,0,1879
SH3778,TX_Warehouse,Los Angeles,UPS,44.1,0.63,2025-05-17,2025-05-22,85.03,Delivered,0,4938
SH4118,IL_Warehouse,Los Angeles,UPS,46.4,0.71,2025-05-13,2025-05-22,56.54,Delayed,2,1110
SH6555,CA_Warehouse,Seattle,DHL,31.6,0.24,2025-05-06,2025-05-09,36.32,Delivered,0,919
SH4839,IL_Warehouse,Chicago,UPS,9.1,0.59,2025-05-15,2025-05-18,63.26,Delivered,0,4103
SH2739,TX_Warehouse,Boston,FedEx,26.9,0.54,2025-05-24,2025-05-28,46.93,Delayed,2,1415
SH1019,CA_Warehouse,Houston,UPS,23.7,0.11,2025-05-30,2025-06-04,89.27,Delivered,0,4831
SH3824,TX_Warehouse,Atlanta,UPS,15.4,0.2,2025-05-05,2025-05-11,65.74,Delayed,1,3883
SH4972,TX_Warehouse,Denver,USPS,26.5,0.84,2025-05-22,2025-05-25,37.13,Delivered,0,1030
SH1491,TX_Warehouse,Denver,USPS,22.3,0.72,2025-05-13,2025-05-16,44.2,Delayed,2,1030
SH3927,IL_Warehouse,Miami,DHL,3.6,0.55,2025-05-18,2025-05-20,47.51,Delivered,0,2607
SH4274,CA_Warehouse,Houston,USPS,18.0,0.22,2025-05-31,2025-06-01,77.77,Delivered,0,3911
SH9860,IL_Warehouse,Seattle,UPS,19.5,0.39,2025-05-18,2025-05-24,54.27,Delayed,1,3300
SH1677,NY_Warehouse,Seattle,UPS,48.8,0.81,2025-06-01,2025-06-08,75.52,Delayed,1,2678
SH3954,CA_Warehouse,Boston,DHL,31.5,0.42,2025-05-09,2025-05-13,70.8,Delivered,0,4160
SH7841,TX_Warehouse,Seattle,FedEx,42.6,0.18,2025-05-31,2025-06-04,98.4,Delivered,0,4791
SH9272,IL_Warehouse,Seattle,UPS,11.3,0.43,2025-05-30,2025-06-05,61.95,Delivered,0,3300
SH6517,NY_Warehouse,Denver,USPS,1.3,0.4,2025-05-07,2025-05-09,40.69,Delayed,1,2621
SH6942,NY_Warehouse,Boston,FedEx,2.3,0.68,2025-05-19,2025-05-21,29.63,Delivered,0,310
SH3238,NY_Warehouse,Miami,FedEx,33.7,0.3,2025-05-13,2025-05-19,71.47,Delivered,0,4012
SH6832,IL_Warehouse,Houston,FedEx,49.7,0.66,2025-05-09,2025-05-10,54.76,Delivered,0,1370
SH7433,TX_Warehouse,Boston,UPS,47.4,0.41,2025-05-20,2025-05-25,64.43,Delivered,0,2882
SH2241,CA_Warehouse,Seattle,FedEx,8.8,0.92,2025-05-31,2025-06-03,74.61,Delayed,2,4206
SH9386,NY_Warehouse,Miami,FedEx,3.0,0.55,2025-05-26,2025-05-27,22.63,Delivered,0,1013
SH3226,IL_Warehouse,Seattle,USPS,6.8,0.17,2025-05-11,2025-05-12,55.54,Delivered,0,3300
SH1348,TX_Warehouse,Atlanta,DHL,9.5,0.66,2025-05-29,2025-05-30,49.86,Delivered,0,2038
SH9042,CA_Warehouse,Miami,USPS,9.3,0.64,2025-05-11,2025-05-18,68.76,Delayed,3,4800
SH7749,TX_Warehouse,Los Angeles,DHL,12.3,0.9,2025-05-17,2025-05-24,78.44,Delivered,0,4866
SH3797,NY_Warehouse,Atlanta,UPS,20.8,0.81,2025-05-29,2025-05-31,72.61,Delivered,0,3808
SH3615,NY_Warehouse,Chicago,FedEx,47.7,0.94,2025-05-31,2025-06-04,77.47,Delivered,0,3173
SH5210,CA_Warehouse,Los Angeles,UPS,38.1,0.98,2025-05-21,2025-05-26,56.78,Delivered,0,1206
SH9388,CA_Warehouse,Denver,UPS,42.3,0.14,2025-05-09,2025-05-15,92.82,Delivered,0,4176
SH7173,IL_Warehouse,Los Angeles,DHL,49.6,0.95,2025-05-07,2025-05-13,42.17,Delivered,0,713
SH2354,CA_Warehouse,Los Angeles,USPS,27.4,0.53,2025-05-08,2025-05-12,82.39,Delayed,1,4798
SH4984,TX_Warehouse,Seattle,USPS,35.6,0.73,2025-05-24,2025-05-26,79.49,Delivered,0,4157
SH4289,NY_Warehouse,Seattle,FedEx,44.0,0.32,2025-05-18,2025-05-22,61.91,Delivered,0,2173
SH8000,IL_Warehouse,Los Angeles,USPS,2.1,0.4,2025-06-01,2025-06-04,31.95,Delivered,0,1289
SH4289,TX_Warehouse,Miami,USPS,30.7,0.19,2025-05-11,2025-05-18,77.16,Delayed,1,4526
SH7000,CA_Warehouse,Denver,FedEx,7.6,0.68,2025-05-11,2025-05-15,42.17,Delivered,0,1967
SH8436,IL_Warehouse,Los Angeles,DHL,39.0,0.4,2025-05-20,2025-05-27,78.79,Delivered,0,4248
SH5361,CA_Warehouse,Atlanta,FedEx,14.0,0.89,2025-05-18,2025-05-23,67.88,Delivered,0,3500
SH8529,NY_Warehouse,Atlanta,FedEx,30.2,0.65,2025-05-13,2025-05-16,36.81,Delivered,0,615
SH9644,IL_Warehouse,Houston,USPS,16.4,0.38,2025-05-24,2025-05-27,35.78,Delivered,0,1370
SH3644,CA_Warehouse,Atlanta,FedEx,42.4,0.88,2025-06-03,2025-06-09,72.13,Delayed,2,3500
SH9586,TX_Warehouse,Denver,UPS,41.9,0.96,2025-05-25,2025-05-29,44.14,Delayed,1,1030
SH5099,CA_Warehouse,Atlanta,UPS,18.9,0.58,2025-05-28,2025-05-31,72.35,Delayed,1,3500
SH2459,IL_Warehouse,Boston,USPS,12.8,0.28,2025-05-25,2025-05-31,31.48,Delivered,0,1113
SH6386,TX_Warehouse,Houston,FedEx,37.6,0.65,2025-05-10,2025-05-14,39.71,Delivered,0,866
SH5580,CA_Warehouse,Boston,FedEx,42.5,0.23,2025-05-11,2025-05-13,92.02,Delivered,0,4694
SH8745,CA_Warehouse,Seattle,USPS,13.5,0.45,2025-05-21,2025-05-27,45.13,Delivered,0,918
SH8154,NY_Warehouse,Boston,DHL,5.9,0.49,2025-05-13,2025-05-20,29.19,Delivered,0,310
SH2975,TX_Warehouse,Denver,FedEx,46.2,0.97,2025-05-11,2025-05-12,55.53,Delivered,0,1030
SH3436,TX_Warehouse,Los Angeles,UPS,1.3,0.59,2025-05-21,2025-05-23,36.19,Delivered,0,2464
SH5851,TX_Warehouse,Atlanta,UPS,44.7,0.75,2025-05-30,2025-06-04,73.61,Delayed,1,3374
SH4052,TX_Warehouse,Seattle,DHL,5.2,0.5,2025-05-05,2025-05-10,28.25,Delayed,1,989
SH6288,TX_Warehouse,Boston,UPS,31.1,0.4,2025-05-10,2025-05-14,59.71,Delayed,3,2202
SH4322,NY_Warehouse,Houston,DHL,9.8,0.77,2025-05-14,2025-05-18,68.76,Delivered,0,4836
SH4086,NY_Warehouse,Atlanta,DHL,14.4,0.9,2025-06-01,2025-06-05,58.17,Delivered,0,3339
SH1578,TX_Warehouse,Boston,USPS,26.8,0.39,2025-06-01,2025-06-02,44.53,Delivered,0,2039
SH7629,NY_Warehouse,Atlanta,FedEx,29.9,0.63,2025-06-03,2025-06-09,76.46,Delivered,0,3995
SH2555,IL_Warehouse,Atlanta,UPS,47.7,0.36,2025-05-19,2025-05-25,66.05,Delivered,0,2072
SH1585,TX_Warehouse,Boston,FedEx,14.8,0.82,2025-05-17,2025-05-22,43.74,Delivered,0,1216
SH4128,NY_Warehouse,Chicago,DHL,25.4,0.43,2025-05-17,2025-05-21,51.57,Delivered,0,1004
SH6047,IL_Warehouse,Denver,DHL,21.6,0.17,2025-06-01,2025-06-10,57.73,Delayed,3,2693
SH2806,CA_Warehouse,Atlanta,USPS,42.9,0.85,2025-05-17,2025-05-18,76.46,Delivered,0,3500
SH4541,CA_Warehouse,Boston,FedEx,3.9,0.31,2025-05-31,2025-06-07,54.07,Delayed,2,3362
SH6717,NY_Warehouse,Denver,USPS,31.7,0.71,2025-05-15,2025-05-18,59.81,Delivered,0,1987
SH2662,CA_Warehouse,Miami,UPS,4.5,0.98,2025-05-10,2025-05-18,78.75,Delayed,3,4800
SH7009,NY_Warehouse,Chicago,USPS,9.7,0.4,2025-05-29,2025-06-02,78.27,Delivered,0,4506
SH3518,CA_Warehouse,Houston,UPS,47.5,0.81,2025-05-11,2025-05-19,70.17,Delayed,1,3375
SH2899,CA_Warehouse,Atlanta,USPS,48.1,0.5,2025-05-23,2025-05-24,70.89,Delivered,0,3500
SH5598,TX_Warehouse,Miami,DHL,43.1,0.51,2025-05-11,2025-05-15,76.22,Delivered,0,4017
SH5483,CA_Warehouse,Los Angeles,FedEx,29.9,0.74,2025-05-28,2025-06-03,77.84,Delivered,0,3859
SH5584,NY_Warehouse,Boston,DHL,34.2,0.67,2025-05-24,2025-05-25,36.48,Delivered,0,310
SH4093,NY_Warehouse,Miami,FedEx,2.9,0.44,2025-06-02,2025-06-06,41.97,Delivered,0,2288
SH7481,IL_Warehouse,Boston,DHL,34.6,0.66,2025-05-06,2025-05-10,73.69,Delivered,0,4271
SH3727,NY_Warehouse,Miami,UPS,15.3,0.67,2025-05-11,2025-05-15,33.75,Delayed,1,1129
SH9310,TX_Warehouse,Boston,USPS,7.6,0.97,2025-05-11,2025-05-16,69.68,Delivered,0,4819
SH2286,CA_Warehouse,Denver,USPS,31.7,0.57,2025-05-18,2025-05-21,57.71,Delivered,0,1211
SH6772,NY_Warehouse,Seattle,FedEx,4.4,0.24,2025-06-01,2025-06-08,48.88,Delivered,0,1859
SH6073,TX_Warehouse,Denver,FedEx,38.9,0.73,2025-05-19,2025-05-24,49.75,Delivered,0,1030
SH5439,TX_Warehouse,Los Angeles,FedEx,36.0,0.63,2025-06-01,2025-06-02,65.9,Delivered,0,3343
SH6830,IL_Warehouse,Miami,UPS,40.3,0.31,2025-05-18,2025-05-20,82.39,Delivered,0,3587
SH1646,CA_Warehouse,Los Angeles,UPS,36.9,0.35,2025-05-18,2025-05-25,41.37,Delivered,0,1137
SH5547,IL_Warehouse,Chicago,UPS,7.7,0.25,2025-05-27,2025-06-02,66.72,Delayed,2,3559
SH5951,TX_Warehouse,Denver,FedEx,2.1,0.8,2025-05-31,2025-06-07,22.36,Delivered,0,1030
SH3629,TX_Warehouse,Atlanta,FedEx,26.6,0.54,2025-05-28,2025-05-31,70.92,Delivered,0,2871
SH6165,TX_Warehouse,Houston,DHL,22.3,0.59,2025-05-17,2025-05-24,39.15,Delivered,0,1479
SH6841,IL_Warehouse,Seattle,UPS,38.8,0.86,2025-05-16,2025-05-17,68.79,Delivered,0,3300
SH9310,NY_Warehouse,Los Angeles,USPS,42.4,0.35,2025-05-10,2025-05-14,72.83,Delivered,0,3940
SH3164,NY_Warehouse,Boston,UPS,15.9,0.37,2025-06-03,2025-06-04,35.07,Delivered,0,310
SH8269,NY_Warehouse,Boston,USPS,48.8,0.47,2025-05-16,2025-05-24,56.83,Delayed,3,310
SH6012,IL_Warehouse,Miami,UPS,44.9,0.13,2025-05-23,2025-05-29,51.26,Delivered,0,1226
SH1578,NY_Warehouse,Houston,USPS,9.9,0.64,2025-05-27,2025-05-31,31.91,Delayed,2,1485
SH2305,NY_Warehouse,Atlanta,FedEx,13.6,0.78,2025-05-26,2025-06-02,40.29,Delivered,0,833
SH7786,TX_Warehouse,Seattle,DHL,10.6,0.52,2025-06-02,2025-06-06,55.89,Delivered,0,4019
SH3401,NY_Warehouse,Atlanta,FedEx,42.6,0.52,2025-06-02,2025-06-08,76.14,Delivered,0,3632
SH4144,CA_Warehouse,Houston,USPS,48.6,0.4,2025-05-21,2025-05-23,57.88,Delayed,1,969
SH4952,CA_Warehouse,Los Angeles,FedEx,27.8,0.97,2025-06-03,2025-06-06,46.89,Delivered,0,745
SH3255,TX_Warehouse,Los Angeles,DHL,49.3,0.62,2025-05-21,2025-05-26,73.09,Delivered,0,1894
SH2836,CA_Warehouse,Seattle,DHL,27.8,0.46,2025-05-06,2025-05-11,76.8,Delayed,1,4262
SH7781,CA_Warehouse,Boston,FedEx,7.4,0.76,2025-05-07,2025-05-14,55.26,Delivered,0,3505
SH5100,NY_Warehouse,Seattle,USPS,26.7,0.38,2025-05-24,2025-05-30,59.14,Delivered,0,3006
SH3850,CA_Warehouse,Houston,UPS,4.5,0.24,2025-05-31,2025-06-01,50.88,Delivered,0,3217
SH2999,IL_Warehouse,Miami,USPS,34.4,0.74,2025-05-21,2025-05-27,79.81,Delivered,0,3647
SH2881,CA_Warehouse,Seattle,UPS,49.0,0.96,2025-05-24,2025-05-26,58.01,Delayed,1,1754
SH8643,NY_Warehouse,Houston,UPS,25.3,0.77,2025-06-03,2025-06-08,59.24,Delivered,0,3645
SH2330,CA_Warehouse,Chicago,UPS,19.5,0.11,2025-06-03,2025-06-08,58.77,Delayed,1,3260
SH2874,IL_Warehouse,Seattle,UPS,44.4,0.79,2025-05-11,2025-05-18,72.98,Delayed,1,3300
SH6304,TX_Warehouse,Miami,FedEx,46.2,0.16,2025-05-29,2025-06-05,67.33,Delivered,0,2686
SH6084,IL_Warehouse,Houston,DHL,37.1,0.32,2025-05-05,2025-05-11,59.19,Delayed,1,1370
SH3121,IL_Warehouse,Atlanta,UPS,31.8,0.54,2025-05-18,2025-05-20,46.85,Delivered,0,1005
SH6420,NY_Warehouse,Denver,USPS,5.3,0.47,2025-05-16,2025-05-23,50.43,Delivered,0,1939
SH8484,NY_Warehouse,Los Angeles,UPS,25.2,0.2,2025-05-27,2025-05-30,70.49,Delivered,0,3940
SH4867,IL_Warehouse,Atlanta,DHL,48.8,0.35,2025-05-25,2025-05-26,85.24,Delivered,0,3396
SH7356,TX_Warehouse,Los Angeles,UPS,5.0,0.12,2025-05-27,2025-05-28,72.29,Delivered,0,4235
SH8558,IL_Warehouse,Boston,DHL,27.8,0.84,2025-05-22,2025-05-27,58.68,Delivered,0,2994
SH2095,TX_Warehouse,Houston,DHL,33.4,0.87,2025-05-30,2025-06-03,64.33,Delayed,3,3154
SH1719,IL_Warehouse,Houston,UPS,7.9,0.13,2025-05-23,2025-05-28,29.27,Delivered,0,1370
SH5220,NY_Warehouse,Seattle,UPS,1.7,0.37,2025-05-07,2025-05-12,22.17,Delivered,0,945
SH6904,NY_Warehouse,Houston,FedEx,33.4,0.89,2025-05-14,2025-05-22,42.06,Delayed,3,1477
SH9717,TX_Warehouse,Seattle,DHL,29.5,0.61,2025-05-28,2025-06-02,79.05,Delayed,1,4105
SH2735,TX_Warehouse,Seattle,USPS,35.0,0.12,2025-05-13,2025-05-17,87.07,Delivered,0,4776
SH9838,TX_Warehouse,Denver,USPS,4.0,0.77,2025-05-16,2025-05-20,22.9,Delivered,0,1030
SH9645,IL_Warehouse,Seattle,UPS,29.5,0.74,2025-05-24,2025-05-28,58.96,Delivered,0,3300
SH9466,NY_Warehouse,Seattle,USPS,25.8,0.11,2025-05-20,2025-05-21,43.06,Delivered,0,1443
SH9782,CA_Warehouse,Denver,UPS,22.4,0.36,2025-05-23,2025-05-26,60.25,Delivered,0,3770
SH5350,TX_Warehouse,Atlanta,DHL,31.8,0.22,2025-05-05,2025-05-07,63.42,Delivered,0,2500
SH4420,NY_Warehouse,Seattle,UPS,8.3,0.61,2025-05-15,2025-05-22,36.74,Delivered,0,1220
SH6616,TX_Warehouse,Houston,FedEx,23.3,0.21,2025-05-24,2025-05-31,75.19,Delayed,1,4355
SH5543,TX_Warehouse,Boston,FedEx,43.7,0.12,2025-05-06,2025-05-15,59.82,Delayed,2,989
SH4312,IL_Warehouse,Los Angeles,USPS,4.4,0.46,2025-06-02,2025-06-03,52.88,Delivered,0,3362
SH7301,NY_Warehouse,Los Angeles,DHL,40.6,0.73,2025-06-02,2025-06-05,71.37,Delivered,0,3940
SH7825,NY_Warehouse,Chicago,DHL,42.1,0.42,2025-05-19,2025-05-27,41.18,Delayed,1,885
SH5564,TX_Warehouse,Miami,FedEx,5.7,0.37,2025-05-16,2025-05-19,65.59,Delayed,1,4138
SH1037,CA_Warehouse,Seattle,FedEx,44.6,0.82,2025-05-30,2025-06-01,70.41,Delivered,0,1974
SH5088,IL_Warehouse,Seattle,DHL,18.7,0.57,2025-05-09,2025-05-10,64.16,Delivered,0,3300
SH3970,NY_Warehouse,Houston,FedEx,41.3,0.74,2025-05-30,2025-06-02,50.41,Delivered,0,1146
SH1008,TX_Warehouse,Los Angeles,USPS,3.6,0.96,2025-05-25,2025-05-26,39.02,Delivered,0,2232
SH9843,NY_Warehouse,Seattle,DHL,10.8,0.73,2025-05-07,2025-05-13,38.59,Delivered,0,952
SH1205,CA_Warehouse,Los Angeles,DHL,15.8,0.67,2025-05-27,2025-06-03,62.72,Delivered,0,3625
SH9397,TX_Warehouse,Houston,USPS,24.6,0.83,2025-05-17,2025-05-23,62.5,Delivered,0,3071
SH7688,TX_Warehouse,Boston,FedEx,14.9,0.72,2025-05-18,2025-05-21,42.94,Delivered,0,2248
SH6125,NY_Warehouse,Boston,UPS,8.9,0.67,2025-05-19,2025-05-26,23.3,Delayed,1,310
SH2966,IL_Warehouse,Chicago,UPS,28.9,0.18,2025-05-06,2025-05-10,67.76,Delivered,0,3050
SH3396,TX_Warehouse,Denver,FedEx,46.3,0.11,2025-05-25,2025-05-29,47.44,Delayed,1,1030
SH6709,IL_Warehouse,Houston,FedEx,39.6,0.54,2025-05-12,2025-05-18,57.36,Delivered,0,1370
SH4985,TX_Warehouse,Los Angeles,USPS,13.3,0.22,2025-05-07,2025-05-08,58.67,Delivered,0,3532
SH4856,NY_Warehouse,Seattle,FedEx,44.0,0.27,2025-05-13,2025-05-23,79.6,Delayed,3,3711
SH4816,TX_Warehouse,Los Angeles,FedEx,3.6,0.75,2025-05-05,2025-05-08,49.98,Delivered,0,2589
SH9110,TX_Warehouse,Chicago,UPS,28.7,0.61,2025-05-19,2025-05-21,55.66,Delivered,0,1770
SH5730,NY_Warehouse,Houston,DHL,30.7,0.78,2025-05-16,2025-05-19,42.84,Delivered,0,813
SH2674,NY_Warehouse,Boston,DHL,46.5,0.7,2025-05-14,2025-05-16,46.72,Delayed,1,310
SH1284,IL_Warehouse,Los Angeles,UPS,8.3,0.92,2025-05-28,2025-06-01,47.96,Delayed,1,1795
SH8252,CA_Warehouse,Miami,FedEx,40.5,0.45,2025-05-10,2025-05-16,83.19,Delayed,2,4800
SH5350,IL_Warehouse,Miami,DHL,8.3,0.94,2025-05-17,2025-05-20,48.81,Delivered,0,1953
SH9035,IL_Warehouse,Chicago,FedEx,40.3,0.86,2025-06-01,2025-06-06,87.9,Delivered,0,4079
SH5457,IL_Warehouse,Denver,DHL,16.0,0.89,2025-05-16,2025-05-22,41.4,Delayed,1,921
SH8461,NY_Warehouse,Houston,DHL,20.9,0.71,2025-05-16,2025-05-19,46.37,Delivered,0,1164
SH6862,CA_Warehouse,Boston,USPS,43.2,0.62,2025-05-29,2025-05-31,87.14,Delivered,0,4708
SH6299,IL_Warehouse,Houston,UPS,28.6,0.71,2025-05-22,2025-05-29,53.71,Delivered,0,1370
SH4237,TX_Warehouse,Miami,DHL,9.4,0.83,2025-05-17,2025-05-22,47.77,Delivered,0,1361
SH1823,NY_Warehouse,Boston,DHL,18.2,0.21,2025-05-06,2025-05-10,22.47,Delayed,2,310
SH2328,CA_Warehouse,Miami,FedEx,49.9,0.6,2025-05-24,2025-05-26,99.71,Delivered,0,4800
SH8185,CA_Warehouse,Chicago,UPS,39.2,0.55,2025-05-18,2025-05-26,64.25,Delayed,3,2967
SH7649,IL_Warehouse,Boston,FedEx,11.4,0.32,2025-06-01,2025-06-06,62.11,Delivered,0,4161
SH9963,TX_Warehouse,Denver,DHL,36.7,0.93,2025-05-06,2025-05-07,38.88,Delivered,0,1030
SH1253,CA_Warehouse,Atlanta,DHL,18.6,0.65,2025-05-23,2025-05-26,68.3,Delivered,0,3500
SH1226,IL_Warehouse,Seattle,FedEx,9.1,0.58,2025-05-19,2025-05-22,58.35,Delivered,0,3300
SH3866,CA_Warehouse,Chicago,FedEx,24.7,0.34,2025-05-07,2025-05-13,38.27,Delivered,0,1119
SH9283,CA_Warehouse,Seattle,FedEx,19.0,0.33,2025-06-02,2025-06-09,42.53,Delivered,0,2040
SH8945,NY_Warehouse,Seattle,FedEx,6.1,0.85,2025-05-10,2025-05-12,41.27,Delivered,0,1942
SH3046,NY_Warehouse,Atlanta,USPS,38.1,0.6,2025-05-19,2025-05-22,93.91,Delayed,2,4700
SH4069,NY_Warehouse,Los Angeles,UPS,37.7,0.58,2025-05-24,2025-05-27,88.06,Delivered,0,3940
SH7585,CA_Warehouse,Chicago,UPS,47.2,0.31,2025-05-08,2025-05-10,65.0,Delivered,0,1749
SH4425,TX_Warehouse,Los Angeles,FedEx,39.1,0.73,2025-05-26,2025-06-01,71.59,Delivered,0,3866
SH2876,CA_Warehouse,Los Angeles,FedEx,38.8,0.91,2025-05-26,2025-06-04,97.82,Delayed,2,4959
SH1678,IL_Warehouse,Boston,DHL,44.5,0.53,2025-05-31,2025-06-04,56.75,Delayed,1,1768
SH9868,NY_Warehouse,Chicago,USPS,20.6,0.71,2025-05-18,2025-05-25,60.48,Delivered,0,2138
SH9155,CA_Warehouse,Los Angeles,UPS,18.8,0.13,2025-05-08,2025-05-11,73.55,Delivered,0,3550
SH6800,TX_Warehouse,Denver,FedEx,12.3,0.59,2025-05-19,2025-05-22,35.82,Delivered,0,1030
SH7957,NY_Warehouse,Denver,FedEx,11.6,0.69,2025-05-31,2025-06-01,32.47,Delivered,0,1625
SH6705,CA_Warehouse,Atlanta,USPS,31.8,0.47,2025-05-29,2025-06-06,71.83,Delayed,2,3500
SH5892,CA_Warehouse,Boston,UPS,26.8,0.82,2025-05-29,2025-06-02,70.85,Delivered,0,3015
SH1962,IL_Warehouse,Houston,UPS,34.4,0.57,2025-05-08,2025-05-13,42.3,Delayed,2,1370
SH6490,NY_Warehouse,Seattle,UPS,45.2,0.78,2025-05-05,2025-05-12,92.72,Delivered,0,4054
SH5798,IL_Warehouse,Atlanta,DHL,4.4,0.27,2025-05-14,2025-05-19,23.22,Delivered,0,838
SH7028,CA_Warehouse,Seattle,USPS,22.9,0.82,2025-05-25,2025-05-26,84.44,Delivered,0,4611
SH6216,IL_Warehouse,Seattle,DHL,6.5,0.87,2025-05-05,2025-05-07,64.39,Delivered,0,3300
SH3595,TX_Warehouse,Los Angeles,USPS,17.7,0.8,2025-05-07,2025-05-09,63.97,Delivered,0,3510
SH6164,TX_Warehouse,Chicago,UPS,15.3,0.78,2025-05-09,2025-05-13,49.54,Delivered,0,1770
SH8539,NY_Warehouse,Boston,USPS,31.3,0.14,2025-05-26,2025-05-30,47.85,Delivered,0,310
SH4530,IL_Warehouse,Miami,UPS,47.0,0.51,2025-05-16,2025-05-21,48.98,Delivered,0,1323
SH8314,CA_Warehouse,Chicago,UPS,27.1,0.17,2025-05-16,2025-05-18,43.62,Delivered,0,1822
SH8405,NY_Warehouse,Denver,FedEx,6.0,0.13,2025-05-08,2025-05-13,44.33,Delivered,0,1452
SH9910,CA_Warehouse,Denver,USPS,23.4,0.2,2025-05-21,2025-05-22,57.03,Delivered,0,2235
SH2612,IL_Warehouse,Seattle,DHL,6.6,0.36,2025-05-15,2025-05-20,64.25,Delivered,0,3300
SH3129,IL_Warehouse,Los Angeles,FedEx,2.6,0.46,2025-05-18,2025-05-20,64.65,Delivered,0,3941
SH1918,NY_Warehouse,Atlanta,USPS,45.5,0.24,2025-06-01,2025-06-07,47.97,Delayed,1,585
SH6438,IL_Warehouse,Denver,DHL,10.3,0.11,2025-05-08,2025-05-09,46.98,Delivered,0,2926
SH4714,TX_Warehouse,Denver,UPS,14.7,0.81,2025-05-12,2025-05-17,27.8,Delayed,3,1030
SH1425,TX_Warehouse,Houston,DHL,24.3,0.71,2025-05-26,2025-05-30,32.54,Delivered,0,720
SH4031,CA_Warehouse,Houston,FedEx,47.8,1.0,2025-05-12,2025-05-16,61.66,Delivered,0,1325
SH6833,IL_Warehouse,Boston,USPS,3.2,0.41,2025-05-13,2025-05-15,25.67,Delivered,0,1395
SH8672,IL_Warehouse,Seattle,USPS,5.8,0.97,2025-05-11,2025-05-14,47.47,Delivered,0,3300
SH2883,IL_Warehouse,Denver,USPS,8.9,0.12,2025-06-01,2025-06-07,48.41,Delayed,3,1410
SH1124,NY_Warehouse,Seattle,FedEx,21.0,0.58,2025-05-12,2025-05-20,68.04,Delayed,1,3773
SH5863,NY_Warehouse,Miami,FedEx,43.8,0.2,2025-05-28,2025-05-29,45.67,Delivered,0,677
SH3821,NY_Warehouse,Atlanta,DHL,22.0,0.17,2025-05-20,2025-05-24,77.23,Delivered,0,3860
SH1713,IL_Warehouse,Denver,DHL,23.8,0.18,2025-05-16,2025-05-19,71.0,Delivered,0,4645
SH9423,IL_Warehouse,Houston,UPS,27.2,0.56,2025-06-01,2025-06-05,53.5,Delayed,1,1370
SH2916,IL_Warehouse,Miami,DHL,21.5,0.98,2025-05-10,2025-05-18,53.77,Delayed,1,2240
SH6048,NY_Warehouse,Boston,USPS,25.1,0.74,2025-05-19,2025-05-23,40.94,Delivered,0,310
SH6353,IL_Warehouse,Los Angeles,FedEx,4.6,0.4,2025-05-09,2025-05-15,73.23,Delivered,0,4359
SH8555,IL_Warehouse,Miami,DHL,28.5,0.67,2025-05-29,2025-05-30,43.42,Delivered,0,1762
SH4431,NY_Warehouse,Denver,FedEx,28.3,0.43,2025-05-28,2025-06-05,55.09,Delayed,1,1287
SH5649,TX_Warehouse,Miami,FedEx,21.8,0.34,2025-05-27,2025-06-01,62.76,Delayed,2,3903
SH4939,IL_Warehouse,Miami,USPS,24.9,0.82,2025-05-06,2025-05-09,73.22,Delayed,1,3868
SH1807,NY_Warehouse,Denver,UPS,29.7,0.32,2025-05-25,2025-05-29,56.56,Delayed,1,2315
SH8196,IL_Warehouse,Boston,UPS,36.6,0.38,2025-05-07,2025-05-13,72.95,Delayed,1,2661
SH9224,CA_Warehouse,Los Angeles,DHL,10.7,0.31,2025-05-28,2025-06-03,57.75,Delivered,0,3124
SH1001,TX_Warehouse,Chicago,UPS,15.6,0.74,2025-05-26,2025-06-02,36.71,Delayed,1,1770
SH3012,TX_Warehouse,Chicago,USPS,11.2,0.99,2025-05-16,2025-05-21,41.86,Delivered,0,1770
SH5534,NY_Warehouse,Denver,DHL,9.4,0.8,2025-05-26,2025-06-01,33.65,Delivered,0,1861
SH3447,CA_Warehouse,Houston,USPS,3.7,0.74,2025-05-29,2025-06-04,70.59,Delivered,0,4364
SH8851,CA_Warehouse,Miami,UPS,10.3,0.97,2025-05-15,2025-05-22,75.37,Delivered,0,4800
SH9618,TX_Warehouse,Houston,UPS,26.1,0.48,2025-05-19,2025-05-25,80.38,Delivered,0,4003
SH7460,NY_Warehouse,Seattle,DHL,12.4,0.72,2025-05-25,2025-05-30,69.09,Delivered,0,4609
SH9262,NY_Warehouse,Chicago,DHL,12.6,0.73,2025-05-25,2025-05-26,52.04,Delivered,0,2211
SH1990,IL_Warehouse,Denver,UPS,10.2,0.52,2025-05-11,2025-05-17,40.28,Delivered,0,666
SH7240,IL_Warehouse,Boston,DHL,8.1,0.22,2025-05-13,2025-05-18,38.76,Delayed,1,646
SH4649,TX_Warehouse,Los Angeles,UPS,28.4,0.59,2025-05-31,2025-06-02,63.42,Delivered,0,3279
SH2293,NY_Warehouse,Atlanta,FedEx,49.5,0.51,2025-05-05,2025-05-12,70.23,Delayed,2,2335
SH6439,NY_Warehouse,Los Angeles,DHL,31.7,0.73,2025-05-23,2025-05-26,73.34,Delayed,1,3940
SH8846,NY_Warehouse,Denver,USPS,23.8,0.65,2025-06-01,2025-06-05,65.0,Delayed,2,4194
SH6078,NY_Warehouse,Houston,DHL,5.0,0.4,2025-05-12,2025-05-22,58.12,Delayed,3,3236
SH8147,NY_Warehouse,Atlanta,UPS,5.2,0.88,2025-06-02,2025-06-09,80.13,Delivered,0,4768
SH9287,TX_Warehouse,Atlanta,USPS,33.7,0.97,2025-05-24,2025-05-29,45.83,Delayed,2,897
SH7011,NY_Warehouse,Seattle,DHL,11.9,0.62,2025-05-24,2025-05-27,46.82,Delayed,2,2763
SH3503,NY_Warehouse,Seattle,FedEx,27.6,0.37,2025-05-11,2025-05-16,36.75,Delivered,0,810
SH9223,TX_Warehouse,Seattle,USPS,43.2,0.33,2025-05-07,2025-05-12,52.16,Delayed,1,1175
SH7272,NY_Warehouse,Boston,DHL,31.8,0.73,2025-05-13,2025-05-19,43.23,Delayed,1,310
SH4594,IL_Warehouse,Houston,UPS,2.4,0.73,2025-05-21,2025-05-29,29.29,Delayed,3,1370
SH4409,IL_Warehouse,Chicago,DHL,20.4,0.96,2025-05-05,2025-05-08,63.07,Delayed,1,3093
SH2476,CA_Warehouse,Houston,USPS,35.8,0.42,2025-05-09,2025-05-11,52.19,Delayed,1,2296
SH3432,TX_Warehouse,Atlanta,FedEx,27.8,0.28,2025-05-20,2025-05-24,41.45,Delivered,0,967
SH3104,IL_Warehouse,Atlanta,USPS,12.0,0.12,2025-05-27,2025-06-02,56.94,Delayed,2,2710
SH7740,TX_Warehouse,Boston,UPS,29.8,0.25,2025-05-11,2025-05-12,54.51,Delivered,0,967
SH4354,CA_Warehouse,Chicago,FedEx,2.8,0.14,2025-05-12,2025-05-16,47.25,Delivered,0,3296
SH8889,CA_Warehouse,Chicago,FedEx,16.3,0.36,2025-05-05,2025-05-10,66.48,Delayed,1,3245
SH3749,NY_Warehouse,Boston,UPS,32.8,0.58,2025-05-23,2025-06-02,35.2,Delayed,3,310
SH4947,IL_Warehouse,Denver,DHL,38.1,0.9,2025-05-16,2025-05-20,74.68,Delayed,1,2683
SH2406,CA_Warehouse,Denver,USPS,44.3,0.19,2025-05-13,2025-05-18,56.78,Delivered,0,1859
SH7677,IL_Warehouse,Houston,USPS,33.5,0.69,2025-05-11,2025-05-17,43.52,Delayed,1,1370
SH9513,IL_Warehouse,Houston,DHL,39.8,0.15,2025-05-24,2025-05-25,58.96,Delivered,0,1370
SH9611,IL_Warehouse,Atlanta,USPS,1.7,0.36,2025-05-25,2025-05-31,62.96,Delivered,0,4900
SH1089,NY_Warehouse,Chicago,DHL,38.0,0.5,2025-05-31,2025-06-07,46.79,Delivered,0,1393
SH1536,NY_Warehouse,Atlanta,USPS,25.8,1.0,2025-05-16,2025-05-23,62.79,Delivered,0,3510
SH6017,NY_Warehouse,Seattle,USPS,28.0,0.83,2025-05-12,2025-05-16,53.23,Delivered,0,2298
SH1324,IL_Warehouse,Boston,UPS,27.2,0.99,2025-05-26,2025-05-28,56.58,Delayed,1,1480
